variable,p_lo,p_hi,theta_lo,theta_hi,n_mc,n_data,hit_frac_mc,hit_frac_data,n_total_mc_cell,n_total_data_cell,n_hit_mc_cell,n_hit_data_cell,hit_frac_mc_cell,hit_frac_data_cell,hit_frac_delta,ks_distance,ks_pvalue,chi2,ndof,chi2_per_ndof,chi2_pvalue,mean_rel_diff,max_abs_rel_diff,ks_flag,wasserstein,wasserstein_norm,psi,max_local_residual,drift_decision,status
beta,1,2,5,15,9585,9952,1,1,9585,9952,9585,9952,1,1,0,0.110174,4.75059e-52,446.593,49,9.11413,1.47939e-65,0.37387,0.794206,True,0.00586577,0.228041,0.0836233,0.586934,CANDIDATE,ok
beta,1,2,15,25,13926,15954,1,1,13926,15954,13926,15954,1,1,0,0.105727,7.82223e-73,595.478,49,12.1526,5.80667e-95,0.362157,0.927591,True,0.00593804,0.209557,0.0709303,0.525685,CANDIDATE,ok
beta,1,2,25,35,5336,7162,1,1,5336,7162,5336,7162,1,1,0,0.0942866,4.17513e-24,184.706,49,3.76952,1.27275e-17,0.265708,0.874589,True,0.00479561,0.145288,0.051234,0.42078,CANDIDATE,ok
beta,2,3,5,15,10927,12503,1,1,10927,12503,10927,12503,1,1,0,0.0586219,7.3494e-18,347.568,49,7.09322,1.34624e-46,0.257401,0.714182,True,0.00107455,0.120314,0.070394,0.535036,CANDIDATE,ok
beta,2,3,15,25,9727,13713,1,1,9727,13713,9727,13713,1,1,0,0.0594039,6.71944e-18,322.211,49,6.57573,7.37006e-42,0.259314,0.66512,True,0.00103729,0.107173,0.0531543,0.400144,CANDIDATE,ok
beta,2,3,25,35,1166,2124,1,1,1166,2124,1166,2124,1,1,0,0.0457105,0.0827811,60.8176,49,1.24118,0.119891,0.306051,1.16738,False,0.00098592,0.0908063,0.0569377,0.495719,CANDIDATE,ok
beta,3,5,5,15,15732,14867,1,1,15732,14867,15732,14867,1,1,0,0.0343625,2.81481e-08,207.811,49,4.24105,1.88307e-21,0.202476,0.791808,False,0.000258786,0.0511885,0.0232128,0.302196,CANDIDATE,ok
beta,3,5,15,25,5114,7182,1,1,5114,7182,5114,7182,1,1,0,0.0366656,0.000629291,120.588,49,2.46097,5.73337e-08,0.209277,1.20426,False,0.000210404,0.0379442,0.0272051,0.47752,CANDIDATE,ok
beta,3,5,25,35,59,139,1,1,59,139,59,139,1,1,0,0.20278,0.0556628,49.6354,45,1.10301,0.293723,0.641893,2.05926,True,0.00133411,0.215369,0.467041,2.82014,DROP,ok
chi2pid,1,2,5,15,9457,9189,0.990641,0.970646,9585,9952,9457,9189,0.986646,0.923332,-0.0633138,0.138511,2.15903e-78,1063.26,49,21.6992,1.22113e-190,0.552562,0.92432,True,1.23383,0.757128,0.231121,0.750256,CANDIDATE,ok
chi2pid,1,2,15,25,13703,15157,0.990641,0.970646,13926,15954,13703,15157,0.983987,0.950044,-0.0339429,0.12883,1.34285e-104,1492.62,49,30.4617,2.03214e-280,0.540625,0.890695,True,1.1921,0.715983,0.22211,0.706115,CANDIDATE,ok
chi2pid,1,2,25,35,5281,7068,0.990641,0.970646,5336,7162,5281,7068,0.989693,0.986875,-0.00281748,0.0590703,1.29815e-09,203.001,49,4.14288,1.21148e-20,0.353332,1.12793,True,0.4731,0.257366,0.0518299,0.512541,CANDIDATE,ok
chi2pid,2,3,5,15,10825,12233,0.990641,0.970646,10927,12503,10825,12233,0.990665,0.978405,-0.0122601,0.081574,1.08546e-33,586.47,49,11.9688,3.67338e-93,0.330866,0.679308,True,0.315897,0.215281,0.103022,0.555987,CANDIDATE,ok
chi2pid,2,3,15,25,9619,13148,0.990641,0.970646,9727,13713,9619,13148,0.988897,0.958798,-0.0300987,0.0604115,4.57901e-18,441.176,49,9.0036,1.66831e-64,0.298485,0.721468,True,0.26808,0.170381,0.0721231,0.48855,CANDIDATE,ok
chi2pid,2,3,25,35,1151,2092,0.990641,0.970646,1166,2124,1151,2092,0.987136,0.984934,-0.00220142,0.0591185,0.0105833,69.0791,49,1.40978,0.030853,0.31106,0.818506,True,0.191798,0.106732,0.0743409,0.735218,CANDIDATE,ok
chi2pid,3,5,5,15,15665,14817,0.990641,0.970646,15732,14867,15665,14817,0.995741,0.996637,0.000895682,0.0420032,4.12313e-12,193.365,49,3.94623,4.84994e-19,0.174239,0.578236,False,0.0822004,0.0668186,0.0216671,0.32076,CANDIDATE,ok
chi2pid,3,5,15,25,5094,7076,0.990641,0.970646,5114,7182,5094,7076,0.996089,0.985241,-0.0108483,0.0214242,0.129448,74.6131,49,1.52272,0.010642,0.195559,1.68278,False,0.0479487,0.0372288,0.0129067,0.254958,KEEP,ok
chi2pid,3,5,25,35,58,139,0.990641,0.970646,59,139,58,139,0.983051,1,0.0169492,0.175019,0.140327,50.0741,42,1.19224,0.183577,0.553386,1.14815,True,0.301865,0.195561,0.463856,2.7554,DROP,ok
ftof_energy_1A,1,2,5,15,8829,8478,0.847839,0.798598,9585,9952,8829,8478,0.921127,0.851889,-0.0692377,0.0928671,6.61789e-33,273.772,49,5.58717,5.44961e-33,0.343077,0.813645,True,3.29451,0.972484,0.0626698,0.413507,CANDIDATE,ok
ftof_energy_1A,1,2,15,25,12324,13296,0.847839,0.798598,13926,15954,12324,13296,0.884963,0.833396,-0.0515674,0.0558281,9.08268e-18,300.073,49,6.12393,8.9882e-38,0.262464,0.657467,True,1.58445,0.410132,0.0466515,0.501229,CANDIDATE,ok
ftof_energy_1A,1,2,25,35,3370,3936,0.847839,0.798598,5336,7162,3370,3936,0.631559,0.549567,-0.0819921,0.132975,1.93465e-28,217.612,49,4.44107,4.08693e-23,0.433061,3.20288,True,1.39827,0.34288,0.116432,0.755208,CANDIDATE,ok
ftof_energy_1A,2,3,5,15,9981,11042,0.847839,0.798598,10927,12503,9981,11042,0.913425,0.883148,-0.0302774,0.0497946,9.80266e-12,265.891,49,5.42634,1.41973e-31,0.303331,1.68984,False,1.17367,0.301362,0.0547323,0.46155,CANDIDATE,ok
ftof_energy_1A,2,3,15,25,9006,12048,0.847839,0.798598,9727,13713,9006,12048,0.925876,0.878582,-0.0472941,0.0818061,1.88236e-30,354.337,49,7.23137,7.1573e-48,0.318253,1.21625,True,1.05227,0.256625,0.0882584,0.616238,CANDIDATE,ok
ftof_energy_1A,2,3,25,35,956,1559,0.847839,0.798598,1166,2124,956,1559,0.819897,0.733992,-0.0859046,0.0932801,6.0654e-05,80.735,47,1.71777,0.00160131,0.410191,1.12329,True,1.51193,0.30548,0.0945052,1.24845,DROP,ok
ftof_energy_1A,3,5,5,15,14542,13472,0.847839,0.798598,15732,14867,14542,13472,0.924358,0.906168,-0.01819,0.0684516,6.19016e-29,225.025,49,4.59235,2.18689e-24,0.272942,1.1462,True,0.596746,0.135963,0.0421731,0.35037,CANDIDATE,ok
ftof_energy_1A,3,5,15,25,4847,6564,0.847839,0.798598,5114,7182,4847,6564,0.94779,0.913952,-0.0338388,0.0912588,1.17868e-20,118.735,49,2.42316,1.01554e-07,0.649172,4.87651,True,1.37886,0.297143,0.0592306,0.457614,CANDIDATE,ok
ftof_energy_1A,3,5,25,35,52,117,0.847839,0.798598,59,139,52,117,0.881356,0.841727,-0.0396293,0.168803,0.229424,33.5271,28,1.1974,0.216878,0.736331,1.32632,True,1.8924,0.617897,1.30383,68376.1,DROP,ok
ftof_energy_1B,1,2,5,15,9053,8951,0.906102,0.892377,9585,9952,9053,8951,0.944497,0.899417,-0.0450794,0.068774,5.86135e-19,180.219,49,3.67794,6.78788e-17,0.277109,0.988471,True,1.7964,0.578459,0.0403403,0.411649,CANDIDATE,ok
ftof_energy_1B,1,2,15,25,13027,14636,0.906102,0.892377,13926,15954,13027,14636,0.935444,0.917387,-0.018057,0.112836,6.85717e-77,416.188,49,8.49364,1.13852e-59,0.292228,0.925038,True,1.05785,0.312952,0.0773469,0.490903,CANDIDATE,ok
ftof_energy_1B,1,2,25,35,4352,5993,0.906102,0.892377,5336,7162,4352,5993,0.815592,0.836777,0.0211852,0.136576,1.89412e-41,306.527,49,6.25566,5.85632e-39,0.656305,4.02287,True,1.54832,0.405036,0.113779,0.868037,DROP,ok
ftof_energy_1B,2,3,5,15,10407,11818,0.906102,0.892377,10927,12503,10407,11818,0.952411,0.945213,-0.00719831,0.111387,2.93431e-60,498.811,49,10.1798,9.00175e-76,0.375415,0.943459,True,3.98661,1.11096,0.110725,0.554924,CANDIDATE,ok
ftof_energy_1B,2,3,15,25,9173,12671,0.906102,0.892377,9727,13713,9173,12671,0.943045,0.924014,-0.0190314,0.128151,1.21838e-76,405.494,49,8.27539,1.30114e-57,0.320489,1.3928,True,2.16772,0.585658,0.135339,0.574898,CANDIDATE,ok
ftof_energy_1B,2,3,25,35,1080,1986,0.906102,0.892377,1166,2124,1080,1986,0.926244,0.935028,0.00878468,0.106501,2.28384e-07,100.96,48,2.10334,1.226e-05,0.653115,4.9892,True,1.88521,0.46872,0.0886929,0.485521,CANDIDATE,ok
ftof_energy_1B,3,5,5,15,15327,14575,0.906102,0.892377,15732,14867,15327,14575,0.974256,0.980359,0.00610289,0.122161,1.27246e-97,716.291,49,14.6182,2.56364e-119,0.349022,1.02349,True,3.64914,1.04657,0.11916,0.537014,CANDIDATE,ok
ftof_energy_1B,3,5,15,25,4894,6862,0.906102,0.892377,5114,7182,4894,6862,0.956981,0.955444,-0.00153667,0.154015,1.42829e-59,238.388,49,4.86506,1.04873e-26,0.443054,3.6032,True,2.01272,0.608715,0.150735,0.603722,CANDIDATE,ok
ftof_energy_1B,3,5,25,35,57,135,0.906102,0.892377,59,139,57,135,0.966102,0.971223,0.00512133,0.308382,0.000699675,53.2274,23,2.31423,0.000341327,0.914784,2.81818,True,3.57422,0.731223,2.18817,74074.1,DROP,ok
ftof_time_1A,1,2,5,15,8829,8478,0.847839,0.798598,9585,9952,8829,8478,0.921127,0.851889,-0.0692377,0.139133,1.96201e-73,819.665,49,16.7279,2.15553e-140,0.559952,1,True,0.745716,0.827776,0.225525,0.821031,DROP,ok
ftof_time_1A,1,2,15,25,12324,13296,0.847839,0.798598,13926,15954,12324,13296,0.884963,0.833396,-0.0515674,0.12444,8.72708e-87,992.509,49,20.2553,5.61357e-176,0.575926,1,True,0.576128,0.593113,0.194582,0.815142,DROP,ok
ftof_time_1A,1,2,25,35,3370,3936,0.847839,0.798598,5336,7162,3370,3936,0.631559,0.549567,-0.0819921,0.0703198,2.95667e-08,117.751,49,2.40308,1.37278e-07,0.383123,1.11093,True,0.727122,0.654724,0.0691986,0.607718,CANDIDATE,ok
ftof_time_1A,2,3,5,15,9981,11042,0.847839,0.798598,10927,12503,9981,11042,0.913425,0.883148,-0.0302774,0.154043,4.3708e-109,1312.4,49,26.7837,1.35358e-242,0.749695,1,True,0.579581,1.46643,0.47165,0.973466,DROP,ok
ftof_time_1A,2,3,15,25,9006,12048,0.847839,0.798598,9727,13713,9006,12048,0.925876,0.878582,-0.0472941,0.139219,1.31771e-87,1023.09,49,20.8793,2.61945e-182,0.694069,1,True,0.672383,1.53144,0.375429,0.953233,DROP,ok
ftof_time_1A,2,3,25,35,956,1559,0.847839,0.798598,1166,2124,956,1559,0.819897,0.733992,-0.0859046,0.117262,1.46535e-07,87.8692,43,2.04347,6.47608e-05,0.567224,1,True,0.561646,1.05531,0.280175,0.897798,DROP,ok
ftof_time_1A,3,5,5,15,14542,13472,0.847839,0.798598,15732,14867,14542,13472,0.924358,0.906168,-0.01819,0.131388,1.0107e-105,1501.67,49,30.6464,2.54073e-282,0.745236,1,True,1.35308,4.04256,0.396561,0.974769,DROP,ok
ftof_time_1A,3,5,15,25,4847,6564,0.847839,0.798598,5114,7182,4847,6564,0.94779,0.913952,-0.0338388,0.112406,3.95105e-31,461.979,49,9.42814,1.48937e-68,0.705784,1,True,0.428849,1.16624,0.336262,0.947355,DROP,ok
ftof_time_1A,3,5,25,35,52,117,0.847839,0.798598,59,139,52,117,0.881356,0.841727,-0.0396293,0.17735,0.184288,31.3289,27,1.16033,0.25785,0.706074,2.80172,True,0.371664,0.833728,2.45502,76923.1,DROP,ok
ftof_time_1B,1,2,5,15,9053,8951,0.906102,0.892377,9585,9952,9053,8951,0.944497,0.899417,-0.0450794,0.106966,2.77282e-45,332.378,49,6.78322,9.43245e-44,0.334558,0.888004,True,0.176566,0.219457,0.0632809,0.412681,CANDIDATE,ok
ftof_time_1B,1,2,15,25,13027,14636,0.906102,0.892377,13926,15954,13027,14636,0.935444,0.917387,-0.018057,0.101761,1.38059e-62,468.885,49,9.56909,6.66862e-70,0.341748,0.923107,True,0.164215,0.190771,0.0560506,0.46266,CANDIDATE,ok
ftof_time_1B,1,2,25,35,4352,5993,0.906102,0.892377,5336,7162,4352,5993,0.815592,0.836777,0.0211852,0.0752695,7.172e-13,117.227,49,2.39239,1.61084e-07,0.247343,0.79113,True,0.116086,0.117402,0.0349239,0.307125,CANDIDATE,ok
ftof_time_1B,2,3,5,15,10407,11818,0.906102,0.892377,10927,12503,10407,11818,0.952411,0.945213,-0.00719831,0.0402264,3.22661e-08,154.434,49,3.15172,7.58975e-13,0.181704,0.8036,False,0.023737,0.0841868,0.0310917,0.396918,CANDIDATE,ok
ftof_time_1B,2,3,15,25,9173,12671,0.906102,0.892377,9727,13713,9173,12671,0.943045,0.924014,-0.0190314,0.0499342,5.71027e-12,217.191,49,4.43247,4.82294e-23,0.208515,0.800083,False,0.0265729,0.0946767,0.0450875,0.435235,CANDIDATE,ok
ftof_time_1B,2,3,25,35,1080,1986,0.906102,0.892377,1166,2124,1080,1986,0.926244,0.935028,0.00878468,0.0281247,0.624212,43.6981,49,0.891798,0.687287,0.22365,0.616734,False,0.0158843,0.0430122,0.0329897,0.645731,CANDIDATE,ok
ftof_time_1B,3,5,5,15,15327,14575,0.906102,0.892377,15732,14867,15327,14575,0.974256,0.980359,0.00610289,0.0160618,0.0419022,54.0682,49,1.10343,0.287005,0.0810419,0.357391,False,0.00419474,0.0173213,0.00384849,0.163016,KEEP,ok
ftof_time_1B,3,5,15,25,4894,6862,0.906102,0.892377,5114,7182,4894,6862,0.956981,0.955444,-0.00153667,0.0242061,0.0688798,55.0379,49,1.12322,0.25679,0.150989,0.560112,False,0.00492849,0.0240984,0.00678703,0.184369,KEEP,ok
ftof_time_1B,3,5,25,35,57,135,0.906102,0.892377,59,139,57,135,0.966102,0.971223,0.00512133,0.0775828,0.949695,48.9169,46,1.06341,0.356762,0.530745,1.9697,True,0.018204,0.0712694,0.414185,2.8,DROP,ok
ftof_path_1A,1,2,5,15,8829,8478,0.847839,0.798598,9585,9952,8829,8478,0.921127,0.851889,-0.0692377,0.0245709,0.0105466,70.909,49,1.44712,0.0219793,0.159813,0.595969,False,0.440489,0.0536149,0.00900207,0.226807,CANDIDATE,ok
ftof_path_1A,1,2,15,25,12324,13296,0.847839,0.798598,13926,15954,12324,13296,0.884963,0.833396,-0.0515674,0.0274073,0.00013167,69.9733,49,1.42803,0.0261842,0.10443,0.354661,False,0.349645,0.0497968,0.00892762,0.19606,KEEP,ok
ftof_path_1A,1,2,25,35,3370,3936,0.847839,0.798598,5336,7162,3370,3936,0.631559,0.549567,-0.0819921,0.0728156,8.04685e-09,81.2861,49,1.6589,0.00255435,0.207389,0.527163,True,1.05518,0.113324,0.0264428,0.304966,CANDIDATE,ok
ftof_path_1A,2,3,5,15,9981,11042,0.847839,0.798598,10927,12503,9981,11042,0.913425,0.883148,-0.0302774,0.0451861,9.71803e-10,110.209,49,2.24916,1.31292e-06,0.163861,0.945466,False,0.404845,0.0665651,0.0196444,0.528097,CANDIDATE,ok
ftof_path_1A,2,3,15,25,9006,12048,0.847839,0.798598,9727,13713,9006,12048,0.925876,0.878582,-0.0472941,0.0271284,0.000995744,90.559,49,1.84814,0.00028086,0.144821,0.612148,False,0.198387,0.0369359,0.00930916,0.362753,CANDIDATE,ok
ftof_path_1A,2,3,25,35,956,1559,0.847839,0.798598,1166,2124,956,1559,0.819897,0.733992,-0.0859046,0.0379689,0.348894,44.4639,49,0.907426,0.657348,0.274615,2.08601,False,0.347153,0.0452405,0.0217165,0.352215,CANDIDATE,ok
ftof_path_1A,3,5,5,15,14542,13472,0.847839,0.798598,15732,14867,14542,13472,0.924358,0.906168,-0.01819,0.0234488,0.000899806,84.949,49,1.73365,0.00109946,0.122002,0.732205,False,0.158295,0.023661,0.00826844,0.313413,CANDIDATE,ok
ftof_path_1A,3,5,15,25,4847,6564,0.847839,0.798598,5114,7182,4847,6564,0.94779,0.913952,-0.0338388,0.0241332,0.0761154,48.6687,49,0.993239,0.486476,0.147869,0.728072,False,0.180571,0.0361936,0.0108977,0.278989,KEEP,ok
ftof_path_1A,3,5,25,35,52,117,0.847839,0.798598,59,139,52,117,0.881356,0.841727,-0.0396293,0.192308,0.122297,68.7052,48,1.43136,0.0265295,0.551119,1.68421,True,1.06646,0.141869,2.13357,76923.1,DROP,ok
ftof_path_1B,1,2,5,15,9053,8951,0.906102,0.892377,9585,9952,9053,8951,0.944497,0.899417,-0.0450794,0.0211742,0.0346284,77.2464,49,1.57646,0.0061679,0.149435,0.529568,False,0.357775,0.0442264,0.00859837,0.221086,KEEP,ok
ftof_path_1B,1,2,15,25,13027,14636,0.906102,0.892377,13926,15954,13027,14636,0.935444,0.917387,-0.018057,0.0131784,0.180817,51.5062,49,1.05115,0.375964,0.0946249,0.502454,False,0.148031,0.0211035,0.00431208,0.159603,KEEP,ok
ftof_path_1B,1,2,25,35,4352,5993,0.906102,0.892377,5336,7162,4352,5993,0.815592,0.836777,0.0211852,0.0178251,0.393724,37.5338,49,0.765996,0.883871,0.128248,0.501225,False,0.261458,0.0259028,0.0083023,0.193791,KEEP,ok
ftof_path_1B,2,3,5,15,10407,11818,0.906102,0.892377,10927,12503,10407,11818,0.952411,0.945213,-0.00719831,0.0441126,8.5308e-10,120.872,49,2.46677,5.24953e-08,0.170554,1.08012,False,0.418103,0.0694835,0.0210313,0.636704,CANDIDATE,ok
ftof_path_1B,2,3,15,25,9173,12671,0.906102,0.892377,9727,13713,9173,12671,0.943045,0.924014,-0.0190314,0.0369726,9.35038e-07,104.2,49,2.12652,7.3804e-06,0.170172,0.851803,False,0.298615,0.0555775,0.0150591,0.519652,CANDIDATE,ok
ftof_path_1B,2,3,25,35,1080,1986,0.906102,0.892377,1166,2124,1080,1986,0.926244,0.935028,0.00878468,0.0357586,0.322954,58.1681,49,1.1871,0.173516,0.379441,3.38763,False,0.458261,0.0546268,0.0336217,0.549849,CANDIDATE,ok
ftof_path_1B,3,5,5,15,15327,14575,0.906102,0.892377,15732,14867,15327,14575,0.974256,0.980359,0.00610289,0.0203602,0.0040267,80.9336,49,1.65171,0.00276434,0.112916,0.707016,False,0.136002,0.0205544,0.00716876,0.285977,KEEP,ok
ftof_path_1B,3,5,15,25,4894,6862,0.906102,0.892377,5114,7182,4894,6862,0.956981,0.955444,-0.00153667,0.0385783,0.00039192,57.2634,49,1.16864,0.195321,0.158213,1.07271,False,0.252361,0.0507475,0.0152597,0.493973,CANDIDATE,ok
ftof_path_1B,3,5,25,35,57,135,0.906102,0.892377,59,139,57,135,0.966102,0.971223,0.00512133,0.189474,0.0965608,73.2963,49,1.49584,0.0138518,0.629798,2.39394,True,0.973322,0.131005,1.33425,74074.1,DROP,ok
ecin_energy,1,2,5,15,6500,6712,0.689224,0.633164,9585,9952,6500,6712,0.678143,0.674437,-0.00370563,0.174975,9.30809e-89,507.588,49,10.3589,1.68122e-77,0.354983,1.34807,True,0.0212731,0.452994,0.171418,1.13897,DROP,ok
ecin_energy,1,2,15,25,9033,10192,0.689224,0.633164,13926,15954,9033,10192,0.648643,0.638837,-0.00980617,0.155082,4.75138e-101,622.673,49,12.7076,2.05507e-100,0.347952,1.22802,True,0.0190381,0.415851,0.145493,1.15557,DROP,ok
ecin_energy,1,2,25,35,1204,1419,0.689224,0.633164,5336,7162,1204,1419,0.225637,0.198129,-0.0275082,0.0849693,0.000151949,79.1902,48,1.6498,0.00306605,0.519914,5.69049,True,0.0134092,0.249301,0.0582365,0.567852,CANDIDATE,ok
ecin_energy,2,3,5,15,9073,9497,0.689224,0.633164,10927,12503,9073,9497,0.830329,0.759578,-0.0707508,0.12943,3.51808e-68,454.622,49,9.27801,4.04971e-67,0.310422,0.873209,True,0.0277045,0.363257,0.118355,0.96099,DROP,ok
ecin_energy,2,3,15,25,7855,10017,0.689224,0.633164,9727,13713,7855,10017,0.807546,0.730475,-0.0770713,0.132615,5.52233e-68,423.485,49,8.64256,4.44912e-61,0.312094,0.823547,True,0.0261014,0.364849,0.114838,0.881404,DROP,ok
ecin_energy,2,3,25,35,703,1126,0.689224,0.633164,1166,2124,703,1126,0.602916,0.530132,-0.0727841,0.100872,0.000271738,61.1041,48,1.273,0.0970164,0.477176,1.45405,True,0.0240024,0.300311,0.118873,0.958138,DROP,ok
ecin_energy,3,5,5,15,14428,12151,0.689224,0.633164,15732,14867,14428,12151,0.917112,0.817314,-0.0997981,0.0906203,1.3854e-47,506.636,49,10.3395,2.58947e-77,0.318222,0.839186,True,0.0403142,0.329151,0.109705,1.19172,DROP,ok
ecin_energy,3,5,15,25,4651,5803,0.689224,0.633164,5114,7182,4651,5803,0.909464,0.807992,-0.101472,0.083933,2.84579e-16,165.619,49,3.37998,1.42236e-14,0.274357,0.943193,True,0.0340586,0.291729,0.0862488,1.08938,DROP,ok
ecin_energy,3,5,25,35,50,103,0.689224,0.633164,59,139,50,103,0.847458,0.741007,-0.10645,0.133786,0.526973,33.903,34,0.997146,0.472416,0.519101,1,True,0.045425,0.302544,1.31671,77669.9,DROP,ok
ecout_energy,1,2,5,15,4851,5767,0.579264,0.585923,9585,9952,4851,5767,0.506103,0.579482,0.0733782,0.14956,7.33991e-52,427.54,49,8.72531,7.32011e-62,0.351836,1.14033,True,0.024708,0.384116,0.155692,1.28232,DROP,ok
ecout_energy,1,2,15,25,6897,8929,0.579264,0.585923,13926,15954,6897,8929,0.495261,0.559672,0.0644109,0.149458,2.91636e-76,567.889,49,11.5896,1.87317e-89,0.311459,1.38647,True,0.0203624,0.305239,0.147834,1.47752,DROP,ok
ecout_energy,1,2,25,35,1078,1541,0.579264,0.585923,5336,7162,1078,1541,0.202024,0.215163,0.0131394,0.082765,0.000311372,88.6407,49,1.80899,0.00045216,0.387237,1.03599,True,0.0171577,0.259407,0.139188,1.2566,DROP,ok
ecout_energy,2,3,5,15,7524,8710,0.579264,0.585923,10927,12503,7524,8710,0.68857,0.696633,0.00806321,0.119331,1.61668e-50,448.88,49,9.16082,5.31137e-66,0.321971,0.853174,True,0.0345911,0.330327,0.119914,0.964527,DROP,ok
ecout_energy,2,3,15,25,6557,9279,0.579264,0.585923,9727,13713,6557,9279,0.674103,0.676657,0.00255417,0.115468,4.64268e-45,451.812,49,9.22066,1.42773e-66,0.318395,1.12382,True,0.0327645,0.297805,0.116548,1.36844,DROP,ok
ecout_energy,2,3,25,35,592,1073,0.579264,0.585923,1166,2124,592,1073,0.507719,0.505179,-0.00253979,0.148765,7.79475e-08,116.098,49,2.36936,2.26993e-07,0.445885,3.54578,True,0.0289067,0.275842,0.190922,2.61129,DROP,ok
ecout_energy,3,5,5,15,13143,11680,0.579264,0.585923,15732,14867,13143,11680,0.835431,0.785633,-0.0497984,0.0932808,2.79942e-47,463.335,49,9.45582,8.0961e-69,0.290697,0.724577,True,0.0501802,0.287823,0.0945126,0.971071,DROP,ok
ecout_energy,3,5,15,25,4180,5558,0.579264,0.585923,5114,7182,4180,5558,0.817364,0.773879,-0.043485,0.105919,9.36553e-24,243.647,49,4.9724,1.25611e-27,0.313033,1.02046,True,0.047669,0.288816,0.103228,0.773846,CANDIDATE,ok
ecout_energy,3,5,25,35,47,97,0.579264,0.585923,59,139,47,97,0.79661,0.697842,-0.0987684,0.139066,0.517779,48.8511,36,1.35697,0.0747856,0.620873,1,True,0.0285041,0.158303,1.30181,72164.9,DROP,ok
ecin_time,1,2,5,15,6500,6712,0.689224,0.633164,9585,9952,6500,6712,0.678143,0.674437,-0.00370563,0.0504724,9.36261e-08,140.962,9,15.6624,6.53119e-26,0.754522,1.56985,True,11.592,6.33854,0.0628931,0.500245,CANDIDATE,ok
ecin_time,1,2,15,25,9033,10192,0.689224,0.633164,13926,15954,9033,10192,0.648643,0.638837,-0.00980617,0.0453434,5.39512e-09,71.366,12,5.94717,1.77669e-10,0.479704,1,False,6.49052,3.79306,0.0385138,0.411189,CANDIDATE,ok
ecin_time,1,2,25,35,1204,1419,0.689224,0.633164,5336,7162,1204,1419,0.225637,0.198129,-0.0275082,0.0788281,0.000567702,141.783,46,3.08223,1.07688e-11,1.32845,12.3181,True,4.13445,2.61504,0.132069,2.15152,DROP,ok
ecin_time,2,3,5,15,9073,9497,0.689224,0.633164,10927,12503,9073,9497,0.830329,0.759578,-0.0707508,0.0701153,2.77966e-20,903.26,49,18.4339,1.47868e-157,0.964913,4.94015,True,6.2216,4.70656,0.158858,1.03981,DROP,ok
ecin_time,2,3,15,25,7855,10017,0.689224,0.633164,9727,13713,7855,10017,0.807546,0.730475,-0.0770713,0.063573,6.50208e-16,195.006,9,21.6673,3.68732e-37,0.970645,2.84603,True,7.69678,5.8368,0.151067,1.46141,DROP,ok
ecin_time,2,3,25,35,703,1126,0.689224,0.633164,1166,2124,703,1126,0.602916,0.530132,-0.0727841,0.0783675,0.0091678,110.12,42,2.62191,5.10344e-08,0.707321,4.34285,True,30.6939,25.5266,0.162281,1.11084,DROP,ok
ecin_time,3,5,5,15,14428,12151,0.689224,0.633164,15732,14867,14428,12151,0.917112,0.817314,-0.0997981,0.10096,5.54391e-59,1558.83,49,31.8129,2.36381e-294,1.51825,8.34876,True,3.25274,2.75365,0.230278,2.39995,DROP,ok
ecin_time,3,5,15,25,4651,5803,0.689224,0.633164,5114,7182,4651,5803,0.909464,0.807992,-0.101472,0.0919007,2.00253e-19,199.797,6,33.2996,2.09563e-40,1.49249,4.50479,True,6.90165,5.66529,0.262745,3.01662,DROP,ok
ecin_time,3,5,25,35,50,103,0.689224,0.633164,59,139,50,103,0.847458,0.741007,-0.10645,0.223689,0.0569915,32.9953,33,0.999859,0.46748,0.443012,1,True,5.24625,4.86877,1.26428,77669.9,DROP,ok
ecout_time,1,2,5,15,4851,5767,0.579264,0.585923,9585,9952,4851,5767,0.506103,0.579482,0.0733782,0.0878156,3.96542e-18,290.183,49,5.9221,5.78004e-36,0.730462,6.37279,True,8.28763,5.32398,0.115175,0.786239,CANDIDATE,ok
ecout_time,1,2,15,25,6897,8929,0.579264,0.585923,13926,15954,6897,8929,0.495261,0.559672,0.0644109,0.0852188,4.95082e-25,409.449,49,8.3561,2.25972e-58,0.93803,7.27113,True,90.3475,59.9733,0.0995421,0.715843,CANDIDATE,ok
ecout_time,1,2,25,35,1078,1541,0.579264,0.585923,5336,7162,1078,1541,0.202024,0.215163,0.0131394,0.0969975,1.18883e-05,134.515,43,3.12825,2.33666e-11,0.699542,3.23271,True,2.57959,1.83697,0.188961,3.39159,DROP,ok
ecout_time,2,3,5,15,7524,8710,0.579264,0.585923,10927,12503,7524,8710,0.68857,0.696633,0.00806321,0.108729,5.33611e-42,695.474,49,14.1934,4.25647e-115,0.848602,4.04339,True,5.96693,5.87906,0.159803,0.964527,DROP,ok
ecout_time,2,3,15,25,6557,9279,0.579264,0.585923,9727,13713,6557,9279,0.674103,0.676657,0.00255417,0.0978935,1.71542e-32,605.527,49,12.3577,5.65075e-97,1.12602,9.43378,True,4.65555,4.43551,0.16787,1.52842,DROP,ok
ecout_time,2,3,25,35,592,1073,0.579264,0.585923,1166,2124,592,1073,0.507719,0.505179,-0.00253979,0.109273,0.00019968,115.097,45,2.5577,4.64808e-08,0.622794,1.93885,True,6.983,6.74773,0.278164,2.01326,DROP,ok
ecout_time,3,5,5,15,13143,11680,0.579264,0.585923,15732,14867,13143,11680,0.835431,0.785633,-0.0497984,0.120673,6.2618e-79,565.436,10,56.5436,4.45243e-115,1.74244,5.19188,True,7.70588,8.24668,0.173114,1.35715,DROP,ok
ecout_time,3,5,15,25,4180,5558,0.579264,0.585923,5114,7182,4180,5558,0.817364,0.773879,-0.043485,0.125878,2.15699e-33,578.71,49,11.8104,1.30217e-91,1.90678,25.5022,True,4.47039,4.6718,0.219141,2.14429,DROP,ok
ecout_time,3,5,25,35,47,97,0.579264,0.585923,59,139,47,97,0.79661,0.697842,-0.0987684,0.304014,0.00421233,26.8893,18,1.49385,0.0810945,0.769963,1.75,True,6.96053,8.17603,3.30313,72164.9,DROP,ok
ecin_path,1,2,5,15,6500,6712,0.689224,0.633164,9585,9952,6500,6712,0.678143,0.674437,-0.00370563,0.0268039,0.0169602,71.9813,49,1.46901,0.0179102,0.162119,0.708948,False,0.443522,0.0503678,0.00809856,0.204993,CANDIDATE,ok
ecin_path,1,2,15,25,9033,10192,0.689224,0.633164,13926,15954,9033,10192,0.648643,0.638837,-0.00980617,0.0164691,0.147175,55.8554,49,1.13991,0.232919,0.106636,0.485698,False,0.234731,0.0298348,0.0069056,0.184478,KEEP,ok
ecin_path,1,2,25,35,1204,1419,0.689224,0.633164,5336,7162,1204,1419,0.225637,0.198129,-0.0275082,0.0355884,0.37038,43.6261,49,0.890328,0.690062,0.244901,1.33255,False,0.282659,0.0256442,0.0147455,0.260606,KEEP,ok
ecin_path,2,3,5,15,9073,9497,0.689224,0.633164,10927,12503,9073,9497,0.830329,0.759578,-0.0707508,0.0452495,1.06757e-08,114.248,49,2.3316,3.96456e-07,0.181224,1.62492,False,0.423241,0.069496,0.0212536,0.595002,CANDIDATE,ok
ecin_path,2,3,15,25,7855,10017,0.689224,0.633164,9727,13713,7855,10017,0.807546,0.730475,-0.0770713,0.0340945,6.99241e-05,99.6113,49,2.03288,2.62874e-05,0.183434,0.867225,False,0.285249,0.0500624,0.0150791,0.462773,CANDIDATE,ok
ecin_path,2,3,25,35,703,1126,0.689224,0.633164,1166,2124,703,1126,0.602916,0.530132,-0.0727841,0.0269828,0.899798,55.3622,49,1.12984,0.247143,0.486412,4.68033,False,0.250597,0.028628,0.0360344,0.404751,CANDIDATE,ok
ecin_path,3,5,5,15,14428,12151,0.689224,0.633164,15732,14867,14428,12151,0.917112,0.817314,-0.0997981,0.0150607,0.0993286,78.933,49,1.61088,0.00429609,0.115891,0.457326,False,0.165388,0.0246669,0.00605796,0.210851,KEEP,ok
ecin_path,3,5,15,25,4651,5803,0.689224,0.633164,5114,7182,4651,5803,0.909464,0.807992,-0.101472,0.0300583,0.0183412,63.039,49,1.28651,0.0857232,0.161859,1.17144,False,0.2116,0.0399325,0.0123079,0.283966,KEEP,ok
ecin_path,3,5,25,35,50,103,0.689224,0.633164,59,139,50,103,0.847458,0.741007,-0.10645,0.197476,0.12255,56.7801,47,1.20809,0.155311,0.709701,2.53535,True,1.08394,0.142399,2.21194,77669.9,DROP,ok
ecout_path,1,2,5,15,4851,5767,0.579264,0.585923,9585,9952,4851,5767,0.506103,0.579482,0.0733782,0.0257921,0.0587148,76.1997,49,1.5551,0.0076831,0.202099,0.747086,False,0.435945,0.0500839,0.0116011,0.222836,CANDIDATE,ok
ecout_path,1,2,15,25,6897,8929,0.579264,0.585923,13926,15954,6897,8929,0.495261,0.559672,0.0644109,0.0212083,0.0592582,56.9559,49,1.16236,0.203152,0.125857,0.847545,False,0.274806,0.0342616,0.00708311,0.203806,KEEP,ok
ecout_path,1,2,25,35,1078,1541,0.579264,0.585923,5336,7162,1078,1541,0.202024,0.215163,0.0131394,0.0308591,0.567776,36.4551,49,0.743982,0.907602,0.229073,0.701531,False,0.404807,0.0361679,0.0193207,0.267663,KEEP,ok
ecout_path,2,3,5,15,7524,8710,0.579264,0.585923,10927,12503,7524,8710,0.68857,0.696633,0.00806321,0.0487528,8.8199e-09,113.466,49,2.31563,5.01052e-07,0.186297,1.07896,False,0.435015,0.0709186,0.0249839,0.724482,CANDIDATE,ok
ecout_path,2,3,15,25,6557,9279,0.579264,0.585923,9727,13713,6557,9279,0.674103,0.676657,0.00255417,0.0383528,2.38286e-05,95.2035,49,1.94293,8.53326e-05,0.190733,1.13105,False,0.36594,0.0623518,0.0183834,0.541007,CANDIDATE,ok
ecout_path,2,3,25,35,592,1073,0.579264,0.585923,1166,2124,592,1073,0.507719,0.505179,-0.00253979,0.0537046,0.21188,64.2525,49,1.31128,0.0706961,0.552259,3.2992,True,0.65793,0.067912,0.0380187,0.554859,CANDIDATE,ok
ecout_path,3,5,5,15,13143,11680,0.579264,0.585923,15732,14867,13143,11680,0.835431,0.785633,-0.0497984,0.0173303,0.0481642,94.9197,49,1.93714,9.19137e-05,0.127376,0.7182,False,0.144184,0.0213182,0.00684014,0.239496,KEEP,ok
ecout_path,3,5,15,25,4180,5558,0.579264,0.585923,5114,7182,4180,5558,0.817364,0.773879,-0.043485,0.0331641,0.0102139,63.5081,49,1.29608,0.0796303,0.172653,1.57076,False,0.241032,0.0446616,0.0187075,0.32894,CANDIDATE,ok
ecout_path,3,5,25,35,47,97,0.579264,0.585923,59,139,47,97,0.79661,0.697842,-0.0987684,0.188638,0.17954,48.7205,45,1.08268,0.32573,0.648746,2.03226,True,1.1958,0.154372,1.51712,82474.2,DROP,ok
nphe_htcc,1,2,5,15,516,772,0.0745352,0.0957409,9585,9952,516,772,0.0538341,0.0775723,0.0237382,0.160341,2.04473e-07,50.7291,34,1.49203,0.0324704,0.515866,1.00132,True,2.45404,0.83094,0.138422,0.88723,DROP,ok
nphe_htcc,1,2,15,25,873,1398,0.0745352,0.0957409,13926,15954,873,1398,0.0626885,0.0876269,0.0249384,0.192794,5.97583e-18,94.3125,39,2.41827,1.75985e-06,0.557724,1,True,2.82504,1.09489,0.20299,2.12232,DROP,ok
nphe_htcc,1,2,25,35,309,571,0.0745352,0.0957409,5336,7162,309,571,0.0579085,0.0797263,0.0218178,0.151781,0.000166621,45.2178,37,1.2221,0.166325,0.545696,1.13523,True,2.25121,0.844261,0.15499,0.83993,DROP,ok
nphe_htcc,2,3,5,15,632,945,0.0745352,0.0957409,10927,12503,632,945,0.0578384,0.0755819,0.0177435,0.179517,3.81616e-11,81.2559,38,2.13831,5.61073e-05,0.529705,1,True,2.18145,0.851463,0.17396,1.00635,DROP,ok
nphe_htcc,2,3,15,25,606,1193,0.0745352,0.0957409,9727,13713,606,1193,0.0623008,0.0869977,0.0246969,0.179641,8.15862e-12,75.9599,42,1.80857,0.00103132,0.614347,1.56003,True,2.31239,0.971537,0.171891,1.03185,DROP,ok
nphe_htcc,2,3,25,35,63,168,0.0745352,0.0957409,1166,2124,63,168,0.0540309,0.079096,0.0250652,0.202381,0.0408448,20.9002,17,1.22942,0.230788,0.614068,1,True,1.89883,0.87202,0.449899,3.125,DROP,ok
nphe_htcc,3,5,5,15,1386,1461,0.0745352,0.0957409,15732,14867,1386,1461,0.0881007,0.0982713,0.0101707,0.0356795,0.315298,42.5524,43,0.989592,0.490586,0.397737,1,False,0.985866,0.349303,0.0408711,0.414676,CANDIDATE,ok
nphe_htcc,3,5,15,25,383,673,0.0745352,0.0957409,5114,7182,383,673,0.0748925,0.0937065,0.018814,0.0886332,0.0400227,42.7877,34,1.25846,0.143446,0.627662,2.96667,True,1.62688,0.618033,0.102065,0.751057,CANDIDATE,ok
nphe_htcc,3,5,25,35,3,11,0.0745352,0.0957409,59,139,3,11,0.0508475,0.0791367,0.0282892,0.242424,0.994505,8,7,1.14286,0.332594,0.666667,1,True,2.8322,1.1013,24.1343,90909.1,DROP,ok
nphe_ltcc,1,2,5,15,10,48,0.00171288,0.00635713,9585,9952,10,48,0.0010433,0.00482315,0.00377985,0.333333,0.256882,12.1696,10,1.21696,0.273866,0.444444,1,True,5.29044,4.04356,8.23183,62500,DROP,ok
nphe_ltcc,1,2,15,25,12,97,0.00171288,0.00635713,13926,15954,12,97,0.000861698,0.00607998,0.00521828,0.462199,0.0132653,40.017,15,2.6678,0.000450834,0.618597,0.765957,True,5.37338,4.08064,7.31916,61855.7,DROP,ok
nphe_ltcc,1,2,25,35,11,21,0.00171288,0.00635713,5336,7162,11,21,0.00206147,0.00293214,0.000870673,0.406926,0.11867,3.3939,4,0.848475,0.494193,0.547619,1,True,6.865,12.3076,15.1562,95238.1,DROP,ok
nphe_ltcc,2,3,5,15,22,76,0.00171288,0.00635713,10927,12503,22,76,0.00201336,0.00607854,0.00406518,0.160287,0.705962,15.7101,17,0.924122,0.544473,0.486412,1,True,3.2556,2.0207,3.18704,65789.5,DROP,ok
nphe_ltcc,2,3,15,25,8,84,0.00171288,0.00635713,9727,13713,8,84,0.000822453,0.00612557,0.00530312,0.255952,0.640306,23.4554,17,1.37973,0.135002,0.785366,1.2439,True,1.81015,0.811691,9.72849,59523.8,DROP,ok
nphe_ltcc,2,3,25,35,2,11,0.00171288,0.00635713,1166,2124,2,11,0.00171527,0.00517891,0.00346364,0.5,0.679487,7.47573,5,1.49515,0.187595,0.7,0.7,True,17.8438,11.9829,24.5398,90909.1,DROP,ok
nphe_ltcc,3,5,5,15,52,122,0.00171288,0.00635713,15732,14867,52,122,0.00330536,0.00820609,0.00490073,0.25,0.0166887,66.853,44,1.51939,0.0147256,0.604853,1.57143,True,0.124574,0.212807,0.856809,2.40984,DROP,ok
nphe_ltcc,3,5,15,25,8,46,0.00171288,0.00635713,5114,7182,8,46,0.00156433,0.0064049,0.00484057,0.184783,0.939127,38.8697,29,1.34033,0.104185,0.753247,1,True,0.0994246,0.163556,9.17219,65217.4,DROP,ok
nphe_ltcc,3,5,25,35,0,0,,,0,0,0,0,,,,,,,0,,,,,False,,,,,UNKNOWN,empty
pcal_energy,1,2,5,15,8617,8393,0.835328,0.773266,9585,9952,8617,8393,0.899009,0.843348,-0.0556608,0.250937,1.44222e-235,1419.06,49,28.9604,5.84585e-265,0.518589,1.84981,True,0.0389937,1.11134,0.412179,2.07043,DROP,ok
pcal_energy,1,2,15,25,12251,13350,0.835328,0.773266,13926,15954,12251,13350,0.879721,0.836781,-0.0429406,0.251314,0,2168.21,49,44.2493,0,0.527399,1.76638,True,0.0401358,1.13521,0.440463,2.20382,DROP,ok
pcal_energy,1,2,25,35,2443,2860,0.835328,0.773266,5336,7162,2443,2860,0.457834,0.39933,-0.0585038,0.244304,1.65409e-69,449.714,49,9.17784,3.65529e-66,0.505374,1.38889,True,0.0371466,1.15755,0.413553,1.9185,DROP,ok
pcal_energy,2,3,5,15,10340,10972,0.835328,0.773266,10927,12503,10340,10972,0.94628,0.877549,-0.0687305,0.155691,3.77615e-113,788.787,49,16.0977,4.44323e-134,0.406783,0.946298,True,0.0373906,0.712224,0.194749,0.763294,CANDIDATE,ok
pcal_energy,2,3,15,25,8907,12042,0.835328,0.773266,9727,13713,8907,12042,0.915699,0.878145,-0.0375537,0.186152,8.68011e-156,990.893,49,20.2223,1.21175e-175,0.403682,0.924189,True,0.0405517,0.683106,0.262155,1.76787,DROP,ok
pcal_energy,2,3,25,35,922,1531,0.835328,0.773266,1166,2124,922,1531,0.790738,0.72081,-0.0699278,0.202884,3.26785e-21,161.072,49,3.28718,7.26066e-14,0.460318,1.69028,True,0.038531,0.665059,0.31376,1.92507,DROP,ok
pcal_energy,3,5,5,15,15329,13325,0.835328,0.773266,15732,14867,15329,13325,0.974383,0.89628,-0.0781031,0.0764888,1.02398e-36,364.922,49,7.44738,7.16003e-50,0.263047,0.80425,True,0.0199726,0.212621,0.0730279,0.552089,CANDIDATE,ok
pcal_energy,3,5,15,25,4904,6551,0.835328,0.773266,5114,7182,4904,6551,0.958936,0.912141,-0.0467948,0.124284,3.40059e-38,298.497,49,6.09178,1.74772e-37,0.304544,0.798318,True,0.0258738,0.295462,0.138557,1.09208,DROP,ok
pcal_energy,3,5,25,35,57,128,0.835328,0.773266,59,139,57,128,0.966102,0.920863,-0.0452384,0.179825,0.135518,42.9469,37,1.16073,0.23147,0.588063,1,True,0.0198604,0.193442,1.46156,78125,DROP,ok
pcal_time,1,2,5,15,8617,8393,0.835328,0.773266,9585,9952,8617,8393,0.899009,0.843348,-0.0556608,0.121125,8.71164e-55,340.322,10,34.0322,4.50337e-67,2.56994,6.97317,True,6.2044,3.46266,0.148484,0.945122,DROP,ok
pcal_time,1,2,15,25,12251,13350,0.835328,0.773266,13926,15954,12251,13350,0.879721,0.836781,-0.0429406,0.139434,8.30932e-109,50.5642,11,4.59674,4.95442e-07,1.00564,3.44901,True,6.08157,3.55141,0.164794,1.20633,DROP,ok
pcal_time,1,2,25,35,2443,2860,0.835328,0.773266,5336,7162,2443,2860,0.457834,0.39933,-0.0585038,0.133032,8.71779e-21,313.577,49,6.39954,2.9311e-40,1.89424,24.686,True,4.9706,3.26804,0.154252,1.20475,DROP,ok
pcal_time,2,3,5,15,10340,10972,0.835328,0.773266,10927,12503,10340,10972,0.94628,0.877549,-0.0687305,0.175113,3.13361e-143,3373.62,44,76.6731,0,2.61872,16.4401,True,5.30417,3.7525,0.659593,10.3088,DROP,ok
pcal_time,2,3,15,25,8907,12042,0.835328,0.773266,9727,13713,8907,12042,0.915699,0.878145,-0.0375537,0.174367,1.30602e-136,2964.99,49,60.51,0,2.64326,29.4683,True,5.52511,4.02454,0.523981,6.2441,DROP,ok
pcal_time,2,3,25,35,922,1531,0.835328,0.773266,1166,2124,922,1531,0.790738,0.72081,-0.0699278,0.1542,2.06786e-12,332.849,46,7.23584,3.98062e-45,1.0007,5.69049,True,4.09949,2.96966,0.473605,5.80509,DROP,ok
pcal_time,3,5,5,15,15329,13325,0.835328,0.773266,15732,14867,15329,13325,0.974383,0.89628,-0.0781031,0.219225,2.70407e-301,5688.1,49,116.084,0,6.43485,49.1862,True,5.22645,3.9179,0.903245,16.1664,DROP,ok
pcal_time,3,5,15,25,4904,6551,0.835328,0.773266,5114,7182,4904,6551,0.958936,0.912141,-0.0467948,0.192328,3.63654e-91,2321.03,49,47.3679,0,4.89932,55.0345,True,5.38046,4.17222,0.845109,14.1381,DROP,ok
pcal_time,3,5,25,35,57,128,0.835328,0.773266,59,139,57,128,0.966102,0.920863,-0.0452384,0.259868,0.00768369,67.8103,24,2.82543,4.66889e-06,0.790166,3.80159,True,4.85118,3.19428,2.32984,70312.5,DROP,ok
pcal_path,1,2,5,15,8617,8393,0.835328,0.773266,9585,9952,8617,8393,0.899009,0.843348,-0.0556608,0.0306872,0.000646326,66.8182,49,1.36364,0.046052,0.146834,0.630192,False,0.551908,0.0651972,0.0099855,0.239956,CANDIDATE,ok
pcal_path,1,2,15,25,12251,13350,0.835328,0.773266,13926,15954,12251,13350,0.879721,0.836781,-0.0429406,0.022305,0.00341891,71.1294,49,1.45162,0.0210809,0.100546,0.373502,False,0.296176,0.0393886,0.00816266,0.194962,KEEP,ok
pcal_path,1,2,25,35,2443,2860,0.835328,0.773266,5336,7162,2443,2860,0.457834,0.39933,-0.0585038,0.0249149,0.378549,44.0757,49,0.899503,0.67262,0.174479,0.508285,False,0.364619,0.0347217,0.020163,0.303772,CANDIDATE,ok
pcal_path,2,3,5,15,10340,10972,0.835328,0.773266,10927,12503,10340,10972,0.94628,0.877549,-0.0687305,0.0403102,5.94507e-08,114.889,49,2.34467,3.27071e-07,0.170787,1.01749,False,0.367255,0.0611675,0.0183813,0.588073,CANDIDATE,ok
pcal_path,2,3,15,25,8907,12042,0.835328,0.773266,9727,13713,8907,12042,0.915699,0.878145,-0.0375537,0.0357897,3.91629e-06,114.296,49,2.33258,3.90809e-07,0.171119,1.00863,False,0.299689,0.0538694,0.0155005,0.507194,CANDIDATE,ok
pcal_path,2,3,25,35,922,1531,0.835328,0.773266,1166,2124,922,1531,0.790738,0.72081,-0.0699278,0.0341418,0.499719,52.6358,49,1.0742,0.335213,0.378302,2.25073,False,0.347054,0.0398833,0.0252943,0.399756,CANDIDATE,ok
pcal_path,3,5,5,15,15329,13325,0.835328,0.773266,15732,14867,15329,13325,0.974383,0.89628,-0.0781031,0.0185719,0.0144574,88.7952,49,1.81215,0.00043531,0.116095,0.456793,False,0.166478,0.0248814,0.00727157,0.259715,KEEP,ok
pcal_path,3,5,15,25,4904,6551,0.835328,0.773266,5114,7182,4904,6551,0.958936,0.912141,-0.0467948,0.034039,0.00292038,63.2442,49,1.2907,0.0830129,0.161186,0.831892,False,0.239415,0.0460685,0.0127127,0.364421,CANDIDATE,ok
pcal_path,3,5,25,35,57,128,0.835328,0.773266,59,139,57,128,0.966102,0.920863,-0.0452384,0.187911,0.10656,66.6589,47,1.41827,0.0310652,0.581935,1.24,True,1.12561,0.156161,1.4714,78125,DROP,ok
ftof_energy_2,1,2,5,15,0,0,,,0,0,0,0,,,,,,,0,,,,,False,,,,,UNKNOWN,empty
ftof_energy_2,1,2,15,25,0,0,,,0,0,0,0,,,,,,,0,,,,,False,,,,,UNKNOWN,empty
ftof_energy_2,1,2,25,35,823,1012,0.0498473,0.0540676,5336,7162,823,1012,0.154235,0.141301,-0.0129341,0.117885,5.85585e-06,65.7011,40,1.64253,0.00638188,0.656226,2.1952,True,2.50636,0.657373,0.210769,2.34332,DROP,ok
ftof_energy_2,2,3,5,15,0,0,,,0,0,0,0,,,,,,,0,,,,,False,,,,,UNKNOWN,empty
ftof_energy_2,2,3,15,25,0,0,,,0,0,0,0,,,,,,,0,,,,,False,,,,,UNKNOWN,empty
ftof_energy_2,2,3,25,35,31,59,0.0498473,0.0540676,1166,2124,31,59,0.0265866,0.0277778,0.00119116,0.256971,0.110961,16.672,12,1.38933,0.162359,0.686248,1.94915,True,6.27946,2.36248,3.67219,67796.6,DROP,ok
ftof_energy_2,3,5,5,15,0,0,,,0,0,0,0,,,,,,,0,,,,,False,,,,,UNKNOWN,empty
ftof_energy_2,3,5,15,25,0,0,,,0,0,0,0,,,,,,,0,,,,,False,,,,,UNKNOWN,empty
ftof_energy_2,3,5,25,35,0,0,,,0,0,0,0,,,,,,,0,,,,,False,,,,,UNKNOWN,empty
ftof_time_2,1,2,5,15,0,0,,,0,0,0,0,,,,,,,0,,,,,False,,,,,UNKNOWN,empty
ftof_time_2,1,2,15,25,0,0,,,0,0,0,0,,,,,,,0,,,,,False,,,,,UNKNOWN,empty
ftof_time_2,1,2,25,35,823,1012,0.0498473,0.0540676,5336,7162,823,1012,0.154235,0.141301,-0.0129341,0.177349,5.94277e-13,103.683,47,2.20603,3.74564e-06,0.426244,1.89177,True,0.354271,0.308373,0.183386,1.17949,DROP,ok
ftof_time_2,2,3,5,15,0,0,,,0,0,0,0,,,,,,,0,,,,,False,,,,,UNKNOWN,empty
ftof_time_2,2,3,15,25,0,0,,,0,0,0,0,,,,,,,0,,,,,False,,,,,UNKNOWN,empty
ftof_time_2,2,3,25,35,31,59,0.0498473,0.0540676,1166,2124,31,59,0.0265866,0.0277778,0.00119116,0.174412,0.496454,47.7087,39,1.2233,0.159814,0.631661,1.06897,True,0.0824237,0.166794,3.4959,84745.8,DROP,ok
ftof_time_2,3,5,5,15,0,0,,,0,0,0,0,,,,,,,0,,,,,False,,,,,UNKNOWN,empty
ftof_time_2,3,5,15,25,0,0,,,0,0,0,0,,,,,,,0,,,,,False,,,,,UNKNOWN,empty
ftof_time_2,3,5,25,35,0,0,,,0,0,0,0,,,,,,,0,,,,,False,,,,,UNKNOWN,empty
ftof_path_2,1,2,5,15,0,0,,,0,0,0,0,,,,,,,0,,,,,False,,,,,UNKNOWN,empty
ftof_path_2,1,2,15,25,0,0,,,0,0,0,0,,,,,,,0,,,,,False,,,,,UNKNOWN,empty
ftof_path_2,1,2,25,35,823,1012,0.0498473,0.0540676,5336,7162,823,1012,0.154235,0.141301,-0.0129341,0.07355,0.0137905,60.9786,49,1.24446,0.117102,0.416703,6.25427,True,1.26113,0.136184,0.0761955,0.574015,CANDIDATE,ok
ftof_path_2,2,3,5,15,0,0,,,0,0,0,0,,,,,,,0,,,,,False,,,,,UNKNOWN,empty
ftof_path_2,2,3,15,25,0,0,,,0,0,0,0,,,,,,,0,,,,,False,,,,,UNKNOWN,empty
ftof_path_2,2,3,25,35,31,59,0.0498473,0.0540676,1166,2124,31,59,0.0265866,0.0277778,0.00119116,0.191908,0.379481,44.2578,32,1.38306,0.0732045,0.573755,1,True,2.10919,0.266036,4.99289,84745.8,DROP,ok
ftof_path_2,3,5,5,15,0,0,,,0,0,0,0,,,,,,,0,,,,,False,,,,,UNKNOWN,empty
ftof_path_2,3,5,15,25,0,0,,,0,0,0,0,,,,,,,0,,,,,False,,,,,UNKNOWN,empty
ftof_path_2,3,5,25,35,0,0,,,0,0,0,0,,,,,,,0,,,,,False,,,,,UNKNOWN,empty
p,1,2,5,15,9585,9952,1,1,9585,9952,9585,9952,1,1,0,0.0775946,5.14307e-26,178.636,49,3.64563,1.2211e-16,0.164254,0.398196,True,0.0475998,0.108526,0.0338991,0.326651,CANDIDATE,ok
p,1,2,15,25,13926,15954,1,1,13926,15954,13926,15954,1,1,0,0.0818181,9.49271e-44,264.423,49,5.3964,2.59925e-31,0.166859,0.342415,True,0.0498318,0.10818,0.0341374,0.329583,CANDIDATE,ok
p,1,2,25,35,5336,7162,1,1,5336,7162,5336,7162,1,1,0,0.0755491,1.25875e-15,133.92,49,2.73307,8.10203e-10,0.195359,0.679396,True,0.0482107,0.103828,0.0377069,0.606735,CANDIDATE,ok
p,2,3,5,15,10927,12503,1,1,10927,12503,10927,12503,1,1,0,0.0241677,0.00216549,48.0596,49,0.980808,0.511205,0.0743875,0.21768,False,0.0123355,0.0249709,0.00548271,0.210359,KEEP,ok
p,2,3,15,25,9727,13713,1,1,9727,13713,9727,13713,1,1,0,0.0122602,0.356421,39.3169,49,0.802387,0.8371,0.0676646,0.236892,False,0.00481245,0.00996257,0.00222017,0.129901,KEEP,ok
p,2,3,25,35,1166,2124,1,1,1166,2124,1166,2124,1,1,0,0.080376,0.00011069,58.7817,49,1.19963,0.159761,0.313515,1.48507,True,0.0359624,0.0916573,0.0427242,0.497175,CANDIDATE,ok
p,3,5,5,15,15732,14867,1,1,15732,14867,15732,14867,1,1,0,0.0193287,0.0065281,86.0056,49,1.75522,0.000855871,0.102011,0.37386,False,0.0195432,0.0220844,0.00647051,0.254702,KEEP,ok
p,3,5,15,25,5114,7182,1,1,5114,7182,5114,7182,1,1,0,0.0385649,0.000267471,77.1382,49,1.57425,0.00631075,0.246904,2.06349,False,0.0405377,0.061633,0.0144839,0.445162,CANDIDATE,ok
p,3,5,25,35,59,139,1,1,59,139,59,139,1,1,0,0.0736496,0.961896,42.4904,38,1.11817,0.283686,0.564564,1,True,0.0146279,0.0528836,0.443135,2.82014,DROP,ok
theta,1,2,5,15,9585,9952,1,1,9585,9952,9585,9952,1,1,0,0.046416,1.3891e-09,108.019,49,2.20447,2.4825e-06,0.118214,0.411367,False,0.251003,0.0670384,0.0153933,0.293403,CANDIDATE,ok
theta,1,2,15,25,13926,15954,1,1,13926,15954,13926,15954,1,1,0,0.0134826,0.132707,51.1582,49,1.04404,0.388952,0.0631519,0.217963,False,0.0559271,0.0117449,0.00263507,0.127115,KEEP,ok
theta,1,2,25,35,5336,7162,1,1,5336,7162,5336,7162,1,1,0,0.0471766,2.34599e-06,75.9844,49,1.5507,0.00803449,0.145632,0.642785,False,0.213322,0.0501565,0.0114548,0.219733,CANDIDATE,ok
theta,2,3,5,15,10927,12503,1,1,10927,12503,10927,12503,1,1,0,0.0396886,2.03775e-08,84.4291,49,1.72304,0.00124218,0.106346,0.32886,False,0.199099,0.051755,0.0103622,0.192062,CANDIDATE,ok
theta,2,3,15,25,9727,13713,1,1,9727,13713,9727,13713,1,1,0,0.0283405,0.000209902,65.7729,49,1.3423,0.055026,0.094601,0.243589,False,0.146285,0.0328369,0.00533736,0.143732,KEEP,ok
theta,2,3,25,35,1166,2124,1,1,1166,2124,1166,2124,1,1,0,0.053212,0.0269002,56.2085,49,1.14711,0.223071,0.333054,1.48844,True,0.20918,0.0684788,0.0390504,0.408213,CANDIDATE,ok
theta,3,5,5,15,15732,14867,1,1,15732,14867,15732,14867,1,1,0,0.0527197,6.62632e-19,140.142,49,2.86005,1.02644e-10,0.117507,0.325457,True,0.300814,0.0761561,0.0162619,0.267995,CANDIDATE,ok
theta,3,5,15,25,5114,7182,1,1,5114,7182,5114,7182,1,1,0,0.0546216,3.44006e-08,76.4119,49,1.55943,0.00735067,0.222941,1.43203,True,0.276032,0.083932,0.0201453,0.510864,CANDIDATE,ok
theta,3,5,25,35,59,139,1,1,59,139,59,139,1,1,0,0.159615,0.212484,55.3752,36,1.5382,0.0204934,0.846877,3.69118,True,0.237113,0.190573,1.87603,71942.4,DROP,ok
phi,1,2,5,15,9585,9952,1,1,9585,9952,9585,9952,1,1,0,0.0327189,5.58823e-05,105.972,49,2.16269,4.4674e-06,0.146116,1.10188,False,5.35813,0.0298431,0.0116788,0.413067,CANDIDATE,ok
phi,1,2,15,25,13926,15954,1,1,13926,15954,13926,15954,1,1,0,0.0187112,0.0108198,98.6969,49,2.01422,3.36811e-05,0.10219,0.468535,False,3.15393,0.0175428,0.00596728,0.217002,KEEP,ok
phi,1,2,25,35,5336,7162,1,1,5336,7162,5336,7162,1,1,0,0.0259343,0.0319772,43.7424,49,0.892703,0.685575,0.101605,0.363688,False,4.05325,0.0233589,0.00702862,0.179139,KEEP,ok
phi,2,3,5,15,10927,12503,1,1,10927,12503,10927,12503,1,1,0,0.0130409,0.272153,60.4335,47,1.28582,0.0902381,0.128398,0.681911,False,2.22804,0.0125415,0.00209907,0.138367,KEEP,ok
phi,2,3,15,25,9727,13713,1,1,9727,13713,9727,13713,1,1,0,0.0175754,0.0587444,50.021,49,1.02084,0.432613,0.239338,5.38055,False,2.56507,0.0144612,0.00311922,0.134836,KEEP,ok
phi,2,3,25,35,1166,2124,1,1,1166,2124,1166,2124,1,1,0,0.0280184,0.58306,36.781,49,0.750632,0.900798,0.163898,0.470963,False,3.63494,0.0203531,0.0210478,0.326664,CANDIDATE,ok
phi,3,5,5,15,15732,14867,1,1,15732,14867,15732,14867,1,1,0,0.0274548,1.93978e-05,77.6064,45,1.72459,0.00180875,0.121873,0.647195,False,3.73959,0.021095,0.00620427,0.168804,KEEP,ok
phi,3,5,15,25,5114,7182,1,1,5114,7182,5114,7182,1,1,0,0.0175188,0.313714,58.3846,46,1.26923,0.104049,0.135262,0.848388,False,2.39747,0.013416,0.00850565,0.343884,CANDIDATE,ok
phi,3,5,25,35,59,139,1,1,59,139,59,139,1,1,0,0.128643,0.453492,58.0218,45,1.28937,0.0921445,0.576038,1.62222,True,25.8204,0.143286,0.345525,2.82014,DROP,ok
vz,1,2,5,15,9585,9952,1,1,9585,9952,9585,9952,1,1,0,0.174063,1.22787e-129,908.493,49,18.5407,1.23672e-158,0.533042,3.29337,True,0.810024,0.250913,0.195971,1.99054,DROP,ok
vz,1,2,15,25,13926,15954,1,1,13926,15954,13926,15954,1,1,0,0.0788407,1.19274e-40,486.062,49,9.91964,2.8812e-73,0.357473,1.77846,True,0.33483,0.116101,0.0678639,1.38734,CANDIDATE,ok
vz,1,2,25,35,5336,7162,1,1,5336,7162,5336,7162,1,1,0,0.0472282,2.27704e-06,117.256,49,2.39298,1.59676e-07,0.243744,1.48811,False,0.167624,0.060421,0.0363343,0.692926,CANDIDATE,ok
vz,2,3,5,15,10927,12503,1,1,10927,12503,10927,12503,1,1,0,0.137946,2.98455e-97,744.693,49,15.1978,4.33716e-125,0.428957,2.25937,True,0.629318,0.202464,0.131627,1.58642,DROP,ok
vz,2,3,15,25,9727,13713,1,1,9727,13713,9727,13713,1,1,0,0.0567756,2.18619e-16,289.176,49,5.90156,8.81572e-36,0.352489,1.64619,True,0.22082,0.0775618,0.0441535,1.07104,CANDIDATE,ok
vz,2,3,25,35,1166,2124,1,1,1166,2124,1166,2124,1,1,0,0.036342,0.264936,62.872,49,1.2831,0.0879817,0.36887,1.78744,False,0.127397,0.0464429,0.0534945,0.773577,CANDIDATE,ok
vz,3,5,5,15,15732,14867,1,1,15732,14867,15732,14867,1,1,0,0.116524,7.01043e-91,853.246,49,17.4132,2.81999e-147,0.467353,2.57046,True,0.526835,0.178139,0.114001,1.62141,CANDIDATE,ok
vz,3,5,15,25,5114,7182,1,1,5114,7182,5114,7182,1,1,0,0.0571739,6.23169e-09,155.993,49,3.18353,4.38944e-13,0.333293,2.23427,True,0.220939,0.0798348,0.0413191,0.790317,CANDIDATE,ok
vz,3,5,25,35,59,139,1,1,59,139,59,139,1,1,0,0.161444,0.202812,52.7474,44,1.1988,0.171813,0.558789,1.62222,True,0.365333,0.128793,0.694128,2.82014,DROP,ok
sector,1,2,5,15,9585,9952,1,1,9585,9952,9585,9952,1,1,0,0.036259,5.12763e-06,37.3312,5,7.46625,5.13999e-07,0.0726263,0.188379,False,0.118992,0.0396638,0.00765238,0.188379,KEEP,ok
sector,1,2,15,25,13926,15954,1,1,13926,15954,13926,15954,1,1,0,0.0171756,0.0245826,17.728,5,3.5456,0.00330733,0.036553,0.103365,False,0.0540991,0.018033,0.00238106,0.103365,KEEP,ok
sector,1,2,25,35,5336,7162,1,1,5336,7162,5336,7162,1,1,0,0.0189153,0.220331,8.10369,5,1.62074,0.150613,0.042465,0.087586,False,0.0494183,0.0164728,0.00265726,0.087586,KEEP,ok
sector,2,3,5,15,10927,12503,1,1,10927,12503,10927,12503,1,1,0,0.00986007,0.618597,8.7755,5,1.7551,0.118361,0.0305388,0.0613127,False,0.0159707,0.00532355,0.0015055,0.0613127,KEEP,ok
sector,2,3,15,25,9727,13713,1,1,9727,13713,9727,13713,1,1,0,0.0153458,0.135633,7.31663,5,1.46333,0.198137,0.0308319,0.058908,False,0.0473865,0.0157955,0.00128464,0.058908,KEEP,ok
sector,2,3,25,35,1166,2124,1,1,1166,2124,1166,2124,1,1,0,0.013756,0.998423,1.68396,5,0.336792,0.890914,0.0377127,0.0858633,False,0.0209046,0.0069682,0.0022332,0.0858633,KEEP,ok
sector,3,5,5,15,15732,14867,1,1,15732,14867,15732,14867,1,1,0,0.0193587,0.00641324,18.563,5,3.7126,0.00231762,0.0441356,0.0813232,False,0.0499497,0.0166499,0.00242825,0.0813232,KEEP,ok
sector,3,5,15,25,5114,7182,1,1,5114,7182,5114,7182,1,1,0,0.0191684,0.218787,13.373,5,2.6746,0.0201233,0.0608915,0.120244,False,0.0426262,0.0142087,0.00446927,0.120244,KEEP,ok
sector,3,5,25,35,59,139,1,1,59,139,59,139,1,1,0,0.0849896,0.894561,2.16778,5,0.433555,0.825477,0.17791,0.51593,True,0.227777,0.0759257,0.0517211,0.51593,CANDIDATE,ok
