p_lo,p_hi,theta_lo,theta_hi,threshold,n_label,eff_K,C_pi,C_p,n_accepted
0.5,1.4,5.0,15.0,0.01,233799,1.0,0.3701769468646145,0.027419139168288587,269228
0.5,1.4,5.0,15.0,0.02,233799,1.0,0.3701769468646145,0.027419139168288587,269228
0.5,1.4,5.0,15.0,0.03,233799,1.0,0.3701769468646145,0.027419139168288587,269228
0.5,1.4,5.0,15.0,0.04,233799,1.0,0.3701769468646145,0.027419139168288587,269228
0.5,1.4,5.0,15.0,0.05,233799,0.9999252981283786,0.3626758429641172,0.027632839353130108,266205
0.5,1.4,5.0,15.0,0.060000000000000005,233799,0.9981799907641322,0.2999995237573639,0.02886910225812374,239668
0.5,1.4,5.0,15.0,0.06999999999999999,233799,0.9946282563224947,0.2627628836918988,0.029048879855223628,224346
0.5,1.4,5.0,15.0,0.08,233799,0.9905807730964605,0.23163434085904824,0.026919433946339312,213266
0.5,1.4,5.0,15.0,0.09,233799,0.9867506044060522,0.2052019801438613,0.0257684070528179,204514
0.5,1.4,5.0,15.0,0.09999999999999999,233799,0.9838304403335778,0.1882658807313233,0.024609243422871765,198909
0.5,1.4,5.0,15.0,0.11,233799,0.9810257246081547,0.1754162647198169,0.02379350199049698,194675
0.5,1.4,5.0,15.0,0.12,233799,0.9790631027082825,0.16673024460165534,0.02333215231028949,191924
0.5,1.4,5.0,15.0,0.13,233799,0.9773245864232744,0.15982345626397493,0.022804806673240075,189653
0.5,1.4,5.0,15.0,0.14,233799,0.9758577133077989,0.15390729880590687,0.02228116993453608,187737
0.5,1.4,5.0,15.0,0.15000000000000002,233799,0.9744383777469916,0.1491713362388449,0.02185616195480481,186126
0.5,1.4,5.0,15.0,0.16,233799,0.9732159834840953,0.14506275950937814,0.021369649468465153,184748
0.5,1.4,5.0,15.0,0.17,233799,0.972319561024638,0.14165127934581906,0.020964166471494943,183599
0.5,1.4,5.0,15.0,0.18000000000000002,233799,0.9713823920897509,0.1387351802455458,0.020436780727748776,182563
0.5,1.4,5.0,15.0,0.19,233799,0.970472387471817,0.13609324370073028,0.020079724268551858,181626
0.5,1.4,5.0,15.0,0.2,233799,0.9696506668839812,0.13378752214322115,0.019749576913292113,180814
0.5,1.4,5.0,15.0,0.21000000000000002,233799,0.9688561106130986,0.13142530121215443,0.019407388475578248,179983
0.5,1.4,5.0,15.0,0.22,233799,0.9681294651345992,0.1293575180163674,0.019119722828179135,179239
0.5,1.4,5.0,15.0,0.23,233799,0.9672805802298101,0.12747788586410527,0.018882720993933556,178523
0.5,1.4,5.0,15.0,0.24000000000000002,233799,0.9666422187814088,0.12555750777132044,0.01855517070757051,177848
0.5,1.4,5.0,15.0,0.25,233799,0.9658884089859561,0.1240006898165827,0.018254971446628895,177212
0.5,1.4,5.0,15.0,0.26,233799,0.9651006437943118,0.12247216682000901,0.018118198598104384,176618
0.5,1.4,5.0,15.0,0.27,233799,0.964367207236574,0.12088626402198945,0.017916280866389078,176041
0.5,1.4,5.0,15.0,0.28,233799,0.9624453318121315,0.11846884952229299,0.01764467086342247,174897
0.5,1.4,5.0,15.0,0.29000000000000004,233799,0.9608494281911282,0.11635241729485314,0.017367301167404682,173890
0.5,1.4,5.0,15.0,0.3,233799,0.9593961372341292,0.1146255710910424,0.01718967579404746,173069
0.5,1.4,5.0,15.0,0.31,233799,0.9583095645559992,0.11292086801277376,0.016927415798147674,172324
0.5,1.4,5.0,15.0,0.32,233799,0.9575625458397848,0.11163543806151636,0.016712346304022716,171849
0.5,1.4,5.0,15.0,0.33,233799,0.9568834379159536,0.11034852885465336,0.016506695451760655,171385
0.5,1.4,5.0,15.0,0.34,233799,0.9561500013582158,0.1093828082005478,0.016256595650088333,170946
0.5,1.4,5.0,15.0,0.35000000000000003,233799,0.9554097737212398,0.10822768762677484,0.01605770922526538,170510
0.5,1.4,5.0,15.0,0.36000000000000004,233799,0.9547714122728383,0.10718799016961854,0.015886081158943122,170086
0.5,1.4,5.0,15.0,0.37,233799,0.9540108113981474,0.1059916632195246,0.01572412329316322,169612
0.5,1.4,5.0,15.0,0.38,233799,0.9532773748404096,0.10490741213079631,0.015471109166794755,169154
0.5,1.4,5.0,15.0,0.39,233799,0.9525846847581018,0.10378624276422556,0.015261067978427073,168730
0.5,1.4,5.0,15.0,0.4,233799,0.9518105017249341,0.10274893409984251,0.015044652671733046,168299
0.5,1.4,5.0,15.0,0.41000000000000003,233799,0.9510838562464347,0.10159923534355013,0.014879410065343126,167883
0.5,1.4,5.0,15.0,0.42000000000000004,233799,0.9503232553717437,0.10049430806512782,0.014713961543055059,167460
0.5,1.4,5.0,15.0,0.43,233799,0.9496373563686741,0.09943584327262422,0.014598409078666212,167073
0.5,1.4,5.0,15.0,0.44,233799,0.9488767554939831,0.09851412644442006,0.014346143461434615,166665
0.5,1.4,5.0,15.0,0.45,233799,0.9481093635400538,0.09746715970211005,0.014164391141692028,166262
0.5,1.4,5.0,15.0,0.46,233799,0.9473012251106946,0.096466625643683,0.014029143480698624,165869
0.5,1.4,5.0,15.0,0.47000000000000003,233799,0.9464591312851438,0.09552982711178028,0.013899548566835677,165473
0.5,1.4,5.0,15.0,0.48000000000000004,233799,0.9457460679651211,0.0945129682247609,0.013787171146285762,165081
0.5,1.4,5.0,15.0,0.49,233799,0.9448292722679488,0.0935518969033208,0.01365121391355041,164674
0.5,1.4,5.0,15.0,0.5,233799,0.9439803873631597,0.09257494255274702,0.013478713495150951,164259
0.5,1.4,5.0,15.0,0.51,233799,0.9429481433189363,0.09160435189364946,0.013301346616366944,163818
0.5,1.4,5.0,15.0,0.52,233799,0.942140004889577,0.09066955068331531,0.013148556045031816,163440
0.5,1.4,5.0,15.0,0.53,233799,0.9410670143699237,0.08965254465546804,0.012963269713311125,162999
0.5,1.4,5.0,15.0,0.54,233799,0.9400415614049384,0.08866884805551349,0.012843540093004946,162572
0.5,1.4,5.0,15.0,0.55,233799,0.9391247657077663,0.08761743903726381,0.01268032144861571,162141
0.5,1.4,5.0,15.0,0.56,233799,0.9381264770597343,0.08657444754486425,0.012499768064669755,161683
0.5,1.4,5.0,15.0,0.5700000000000001,233799,0.9371757259663706,0.08537741163683119,0.01228264982661613,161203
0.5,1.4,5.0,15.0,0.5800000000000001,233799,0.9358990030695679,0.08439634324590077,0.01217554687305577,160732
0.5,1.4,5.0,15.0,0.59,233799,0.9347241463613397,0.08329226219812716,0.012019995880998295,160233
0.5,1.4,5.0,15.0,0.6,233799,0.933535707494635,0.08226348080941603,0.011829652996845425,159768
0.5,1.4,5.0,15.0,0.61,233799,0.932211447043164,0.08124062968515743,0.011678502137919343,159267
0.5,1.4,5.0,15.0,0.62,233799,0.9307785293238802,0.08014093959731544,0.011508951406649617,158746
0.5,1.4,5.0,15.0,0.63,233799,0.9294203134762177,0.0790603466838932,0.011349633159128682,158243
0.5,1.4,5.0,15.0,0.64,233799,0.9281300084209383,0.07796877740747238,0.011165639503918436,157716
0.5,1.4,5.0,15.0,0.65,233799,0.9265952245130796,0.07679035401104255,0.011013902586453727,157165
0.5,1.4,5.0,15.0,0.66,233799,0.9250740227636977,0.07579838660433812,0.010800735369216628,156656
0.5,1.4,5.0,15.0,0.67,233799,0.9234713280634559,0.07461823229986117,0.010596247109095219,156093
0.5,1.4,5.0,15.0,0.68,233799,0.9218618422839757,0.07352630034330018,0.010401064534169875,155561
0.5,1.4,5.0,15.0,0.6900000000000001,233799,0.9202184011083041,0.07245583171902059,0.010218168212723684,155018
0.5,1.4,5.0,15.0,0.7000000000000001,233799,0.9184255561893896,0.0715173318137817,0.009995727215050562,154466
0.5,1.4,5.0,15.0,0.7100000000000001,233799,0.9167006220628582,0.07024830388814271,0.009838323975878562,153888
0.5,1.4,5.0,15.0,0.72,233799,0.9129519463233097,0.06850055432372505,0.00961551049262309,152774
0.5,1.4,5.0,15.0,0.73,233799,0.9110096976611524,0.0673350343801492,0.009445247798080715,152140
0.5,1.4,5.0,15.0,0.74,233799,0.9088908809387988,0.0661084362570651,0.009285228765071174,151531
0.5,1.4,5.0,15.0,0.75,233799,0.9065343764431043,0.06473151729163164,0.008997838396965798,150814
0.5,1.4,5.0,15.0,0.76,233799,0.9039877217287371,0.0632041943770013,0.008815768431153047,150072
0.5,1.4,5.0,15.0,0.77,233799,0.9012237524787439,0.06188278041297601,0.008678881388621022,149328
0.5,1.4,5.0,15.0,0.78,233799,0.898595604813517,0.06051418955858651,0.008452448248943444,148596
0.5,1.4,5.0,15.0,0.79,233799,0.8957365604541874,0.058745031434871656,0.008283983621535651,147755
0.5,1.4,5.0,15.0,0.8,233799,0.8925583353706571,0.05720700687201412,0.008114142569296956,146904
0.5,1.4,5.0,15.0,0.81,233799,0.8890473474044495,0.05551587559249399,0.007912367955937359,145974
0.5,1.4,5.0,15.0,0.8200000000000001,233799,0.8853937467742373,0.05379278311609138,0.007682334767736953,145008
0.5,1.4,5.0,15.0,0.8300000000000001,233799,0.8813055170727732,0.05215644743088778,0.007522034769442342,143977
0.5,1.4,5.0,15.0,0.8400000000000001,233799,0.8764906418928096,0.050301322286075895,0.00733765097146858,142825
0.5,1.4,5.0,15.0,0.85,233799,0.8712003911661641,0.04801270444358693,0.007114948457250253,141533
0.5,1.4,5.0,15.0,0.86,233799,0.865027300138538,0.04588660928967889,0.006817435502063077,140082
0.5,1.4,5.0,15.0,0.87,233799,0.8579781598891696,0.04335019384540829,0.0065155991534055204,138437
0.5,1.4,5.0,15.0,0.88,233799,0.8493263249395594,0.04071395150836446,0.006210361343430053,136546
0.5,1.4,5.0,15.0,0.89,233799,0.8376796240458534,0.03756875902157375,0.005914511810377619,134077
0.5,1.4,5.0,15.0,0.9,233799,0.8225626816613696,0.033967922286115344,0.005580962124277567,130981
0.5,1.4,5.0,15.0,0.91,233799,0.7997174911036862,0.029327882094990026,0.005320368394007668,126495
0.5,1.4,5.0,15.0,0.92,233799,0.7637926819330128,0.02304491717554268,0.005021520803443328,119884
0.5,1.4,5.0,15.0,0.93,233799,0.7078885176432239,0.015694050991501417,0.004577365653409865,110107
0.5,1.4,5.0,15.0,0.9400000000000001,233799,0.6210102409474914,0.007962768092515648,0.003861246272170774,95565
0.5,1.4,5.0,15.0,0.9500000000000001,233799,0.31219270366446633,0.0018455792947715823,0.0010395230922629782,47137
0.5,1.4,5.0,15.0,0.9600000000000001,233799,0.0,,,0
0.5,1.4,5.0,15.0,0.97,233799,0.0,,,0
0.5,1.4,5.0,15.0,0.98,233799,0.0,,,0
0.5,1.4,5.0,15.0,0.99,233799,0.0,,,0
0.5,1.4,15.0,25.0,0.01,418763,1.0,0.3648388229141543,0.0237507836862975,491268
0.5,1.4,15.0,25.0,0.02,418763,1.0,0.3648388229141543,0.0237507836862975,491268
0.5,1.4,15.0,25.0,0.03,418763,1.0,0.3648388229141543,0.0237507836862975,491268
0.5,1.4,15.0,25.0,0.04,418763,1.0,0.3648388229141543,0.0237507836862975,491268
0.5,1.4,15.0,25.0,0.05,418763,0.9998872104127347,0.3550646264277227,0.023976271417336974,484479
0.5,1.4,15.0,25.0,0.060000000000000005,418763,0.9975900624854314,0.2909794888786755,0.0248851814740337,436123
0.5,1.4,15.0,25.0,0.06999999999999999,418763,0.9942402117436518,0.25496548809691505,0.025326195138780302,402903
0.5,1.4,15.0,25.0,0.08,418763,0.9898978126339376,0.22429108050379318,0.023034501666033994,379344
0.5,1.4,15.0,25.0,0.09,418763,0.9857697137400275,0.1986472815738723,0.021380170545751913,363187
0.5,1.4,15.0,25.0,0.09999999999999999,418763,0.9826567211315052,0.18255003330862551,0.02001622784573934,353713
0.5,1.4,15.0,25.0,0.11,418763,0.9800625606244031,0.1706493762666353,0.019076727891352615,346810
0.5,1.4,15.0,25.0,0.12,418763,0.9781526569467107,0.1622385728775901,0.018623841675414716,341981
0.5,1.4,15.0,25.0,0.13,418763,0.9763104270213774,0.15556661171107014,0.0181550060260051,337703
0.5,1.4,15.0,25.0,0.14,418763,0.9747238534938455,0.1499760657307165,0.017733901727619475,334275
0.5,1.4,15.0,25.0,0.15000000000000002,418763,0.9733327819175733,0.14558367794165697,0.01742128745576803,331491
0.5,1.4,15.0,25.0,0.16,418763,0.9722725597972796,0.1415278796710939,0.017054809918158786,329174
0.5,1.4,15.0,25.0,0.17,418763,0.971178500800806,0.13809050323321165,0.016717264825566288,327087
0.5,1.4,15.0,25.0,0.18000000000000002,418763,0.9701821927799625,0.13502941324350143,0.016387090822429617,325195
0.5,1.4,15.0,25.0,0.19,418763,0.9691783654533014,0.13246978768084483,0.016033525768607913,323572
0.5,1.4,15.0,25.0,0.2,418763,0.9682610101435436,0.13002648362339206,0.015737397508219522,322099
0.5,1.4,15.0,25.0,0.21000000000000002,418763,0.967456444421051,0.12792723181303672,0.015493752318140874,320839
0.5,1.4,15.0,25.0,0.22,418763,0.9667007541863735,0.12601080228554337,0.015186546734454439,319625
0.5,1.4,15.0,25.0,0.23,418763,0.9658773901993368,0.12409052785183872,0.014915060473676441,318403
0.5,1.4,15.0,25.0,0.24000000000000002,418763,0.9651104210059327,0.12236832208523936,0.01458128451471367,317256
0.5,1.4,15.0,25.0,0.25,418763,0.9643509711183463,0.12077139027809675,0.014283364230533183,316102
0.5,1.4,15.0,25.0,0.26,418763,0.9635840019249423,0.11923654520899128,0.01394189553897444,314950
0.5,1.4,15.0,25.0,0.27,418763,0.962726801061726,0.11772792579857151,0.013642112775223732,313881
0.5,1.4,15.0,25.0,0.28,418763,0.9606815498793151,0.11474342096146117,0.013345438330280351,311717
0.5,1.4,15.0,25.0,0.29000000000000004,418763,0.9589859464174267,0.11251174280644376,0.013013700839728887,309981
0.5,1.4,15.0,25.0,0.3,418763,0.9574369694189833,0.11071806458146365,0.012671769087885478,308481
0.5,1.4,15.0,25.0,0.31,418763,0.9560759750659819,0.10902332034644169,0.012353557915849933,307118
0.5,1.4,15.0,25.0,0.32,418763,0.9552450917731276,0.10775940779031057,0.012133719069791741,306254
0.5,1.4,15.0,25.0,0.33,418763,0.954440526050635,0.10652795179705207,0.011876694565601791,305388
0.5,1.4,15.0,25.0,0.34,418763,0.9536998744275929,0.10544560740280991,0.011640274166863626,304632
0.5,1.4,15.0,25.0,0.35000000000000003,418763,0.9529705017632772,0.10434201878431955,0.011429079157808828,303874
0.5,1.4,15.0,25.0,0.36000000000000004,418763,0.9522824852809588,0.10326808492559982,0.011225725152815667,303143
0.5,1.4,15.0,25.0,0.37,418763,0.9515192757404637,0.1021112644526358,0.011012669530622167,302379
0.5,1.4,15.0,25.0,0.38,418763,0.9506883924476093,0.10105193554006349,0.010834214635472439,301637
0.5,1.4,15.0,25.0,0.39,418763,0.9499477408245671,0.10010470980425677,0.010646039135158844,300957
0.5,1.4,15.0,25.0,0.4,418763,0.9491958102427984,0.09914542113432409,0.010496624895516622,300287
0.5,1.4,15.0,25.0,0.41000000000000003,418763,0.9484664375784827,0.09827393313769574,0.010342410893071686,299640
0.5,1.4,15.0,25.0,0.42000000000000004,418763,0.9476769104676256,0.09732741733902013,0.01018490025821816,298972
0.5,1.4,15.0,25.0,0.43,418763,0.946898662315495,0.09639574349002246,0.010020315527633812,298294
0.5,1.4,15.0,25.0,0.44,418763,0.9461617703453618,0.09547308832779225,0.009897430901082804,297653
0.5,1.4,15.0,25.0,0.45,418763,0.9453985608048665,0.09457882949381764,0.009760022624129712,297028
0.5,1.4,15.0,25.0,0.46,418763,0.9446127933469182,0.09356893926821701,0.009603865842835402,296339
0.5,1.4,15.0,25.0,0.47000000000000003,418763,0.9436916783842516,0.09262291822562511,0.00950071365275213,295662
0.5,1.4,15.0,25.0,0.48000000000000004,418763,0.9428457564797618,0.09164668468063836,0.009370158553659752,294979
0.5,1.4,15.0,25.0,0.49,418763,0.9419960749223631,0.09072301880219051,0.009242049968230453,294307
0.5,1.4,15.0,25.0,0.5,418763,0.9411839898940529,0.08977929680398503,0.00911710214423889,293624
0.5,1.4,15.0,25.0,0.51,418763,0.940270394237204,0.08880751994753525,0.008992461899819741,292912
0.5,1.4,15.0,25.0,0.52,418763,0.9392816055221782,0.08795140257881748,0.008869665197514304,292232
0.5,1.4,15.0,25.0,0.53,418763,0.9383792888240557,0.08703110997311483,0.008753155526286907,291552
0.5,1.4,15.0,25.0,0.54,418763,0.9373491439270326,0.08612126254980518,0.008640578743419853,290837
0.5,1.4,15.0,25.0,0.55,418763,0.9363340376416449,0.08507527387346348,0.008559619143486519,290083
0.5,1.4,15.0,25.0,0.56,418763,0.9352926137858952,0.0841751461514674,0.008489979267449895,289400
0.5,1.4,15.0,25.0,0.5700000000000001,418763,0.9342812671534164,0.08320451568869787,0.00835553276913857,288671
0.5,1.4,15.0,25.0,0.5800000000000001,418763,0.9332586415622109,0.08228830853864127,0.008267877853476954,287982
0.5,1.4,15.0,25.0,0.59,418763,0.9321345053424668,0.08127427148489609,0.008216125887759365,287240
0.5,1.4,15.0,25.0,0.6,418763,0.9310667639163552,0.08033645276292335,0.00813842298860202,286542
0.5,1.4,15.0,25.0,0.61,418763,0.9298674346384341,0.07936035258032816,0.008054950015221126,285787
0.5,1.4,15.0,25.0,0.62,418763,0.9287545773774165,0.07833166061628119,0.00794360879831865,285009
0.5,1.4,15.0,25.0,0.63,418763,0.927543969140769,0.07740577168307723,0.007873877233658538,284231
0.5,1.4,15.0,25.0,0.64,418763,0.9263258415983037,0.07642077721508549,0.007776033305696191,283435
0.5,1.4,15.0,25.0,0.65,418763,0.9250062034272996,0.07538661004528457,0.007692253257000517,282622
0.5,1.4,15.0,25.0,0.66,418763,0.9235775353219391,0.07449477824494778,0.007562422814314307,281788
0.5,1.4,15.0,25.0,0.67,418763,0.9222428585392997,0.07348653099457614,0.007445899772209567,280960
0.5,1.4,15.0,25.0,0.68,418763,0.9207878728635772,0.07223247127634186,0.007348504054531756,280057
0.5,1.4,15.0,25.0,0.6900000000000001,418763,0.9192388958651337,0.07109424270745478,0.00725803273637865,279139
0.5,1.4,15.0,25.0,0.7000000000000001,418763,0.9175921678910604,0.0700023624987616,0.007171125704980967,278199
0.5,1.4,15.0,25.0,0.7100000000000001,418763,0.9157800151889978,0.0689191203733788,0.0071242028107234585,277224
0.5,1.4,15.0,25.0,0.72,418763,0.9129790737719093,0.06748588763872355,0.00699615193509428,275723
0.5,1.4,15.0,25.0,0.73,418763,0.911020294606402,0.0662019160365943,0.006939716221677693,274651
0.5,1.4,15.0,25.0,0.74,418763,0.9088509748779993,0.06502417327402824,0.006810977995020637,273529
0.5,1.4,15.0,25.0,0.75,418763,0.9067493289019558,0.0636952318837204,0.006670680578296975,272386
0.5,1.4,15.0,25.0,0.76,418763,0.9043281124286606,0.06238793170655648,0.006571426464189045,271174
0.5,1.4,15.0,25.0,0.77,418763,0.9016963553924702,0.061083315716533956,0.006466267944356745,269862
0.5,1.4,15.0,25.0,0.78,418763,0.8991134738440947,0.059601659424706556,0.006401424028242233,268534
0.5,1.4,15.0,25.0,0.79,418763,0.8963426096502771,0.05818519396381449,0.006318098282360603,267169
0.5,1.4,15.0,25.0,0.8,418763,0.893368724199382,0.0568539040421681,0.006197134342735017,265768
0.5,1.4,15.0,25.0,0.81,418763,0.8900414313750554,0.05544029046802059,0.006115583005037031,264243
0.5,1.4,15.0,25.0,0.8200000000000001,418763,0.8863757697889331,0.05400471071627765,0.006012924550934688,262601
0.5,1.4,15.0,25.0,0.8300000000000001,418763,0.8821574392252107,0.05249598203829784,0.005837411595047789,260732
0.5,1.4,15.0,25.0,0.8400000000000001,418763,0.8777586453218639,0.050672955719107064,0.005704700580518989,258734
0.5,1.4,15.0,25.0,0.85,418763,0.8724688136791211,0.04870420017873101,0.005576461871429407,256435
0.5,1.4,15.0,25.0,0.86,418763,0.8664533690249716,0.04658657466014678,0.005424591481382266,253844
0.5,1.4,15.0,25.0,0.87,418763,0.8587573595205691,0.04423690090632924,0.005204262310772225,250756
0.5,1.4,15.0,25.0,0.88,418763,0.8499409734493312,0.04163381237017254,0.005003984579475168,247203
0.5,1.4,15.0,25.0,0.89,418763,0.8383875600604552,0.03841659300144456,0.004773554753785071,242796
0.5,1.4,15.0,25.0,0.9,418763,0.8224503913798679,0.03481610250255904,0.004529203442701145,236907
0.5,1.4,15.0,25.0,0.91,418763,0.7998586370506275,0.030036108983477406,0.004282318394742361,228848
0.5,1.4,15.0,25.0,0.92,418763,0.7635291109924732,0.023934828058539397,0.004088809307348319,216689
0.5,1.4,15.0,25.0,0.93,418763,0.7070027295080118,0.016706319119454104,0.003759265884914056,198443
0.5,1.4,15.0,25.0,0.9400000000000001,418763,0.6144024783631975,0.009119351943925687,0.0031397266383797837,170397
0.5,1.4,15.0,25.0,0.9500000000000001,418763,0.27220638990608387,0.0014894497310715764,0.00045945945945945947,74000
0.5,1.4,15.0,25.0,0.9600000000000001,418763,0.0,,,0
0.5,1.4,15.0,25.0,0.97,418763,0.0,,,0
0.5,1.4,15.0,25.0,0.98,418763,0.0,,,0
0.5,1.4,15.0,25.0,0.99,418763,0.0,,,0
0.5,1.4,25.0,35.0,0.01,239055,1.0,0.23800380665537219,0.025342191069031055,286755
0.5,1.4,25.0,35.0,0.02,239055,1.0,0.23800380665537219,0.025342191069031055,286755
0.5,1.4,25.0,35.0,0.03,239055,1.0,0.23800380665537219,0.025342191069031055,286755
0.5,1.4,25.0,35.0,0.04,239055,1.0,0.23800380665537219,0.025342191069031055,286755
0.5,1.4,25.0,35.0,0.05,239055,0.9999890205809211,0.23439640896749409,0.02541283600385255,285525
0.5,1.4,25.0,35.0,0.060000000000000005,239055,0.9981170296279623,0.20312061711079943,0.0255939548675236,271822
0.5,1.4,25.0,35.0,0.06999999999999999,239055,0.9948232039042815,0.16945019891103086,0.025262213114428573,251799
0.5,1.4,25.0,35.0,0.08,239055,0.9913207692181006,0.14598526337693785,0.02024425775952912,238191
0.5,1.4,25.0,35.0,0.09,239055,0.9882190833283011,0.13070374108432048,0.017031904958408443,230215
0.5,1.4,25.0,35.0,0.09999999999999999,239055,0.9856938169401457,0.11985117865913737,0.01438190669082898,225144
0.5,1.4,25.0,35.0,0.11,239055,0.983388138933569,0.1115888768207585,0.012847027798349078,221452
0.5,1.4,25.0,35.0,0.12,239055,0.9813898846612026,0.10593595430880566,0.011912592267777534,218928
0.5,1.4,25.0,35.0,0.13,239055,0.9796386673181122,0.10097132378131109,0.011300243169789729,216721
0.5,1.4,25.0,35.0,0.14,239055,0.9779697956181138,0.09722243337336758,0.010896255371393493,215028
0.5,1.4,25.0,35.0,0.15000000000000002,239055,0.9766083476523257,0.09379966583805371,0.010572200450418815,213579
0.5,1.4,25.0,35.0,0.16,239055,0.9752084717197613,0.0908844331173683,0.010228793275663858,212244
0.5,1.4,25.0,35.0,0.17,239055,0.9740007356210783,0.08841814295696494,0.009976739889431572,211091
0.5,1.4,25.0,35.0,0.18000000000000002,239055,0.9729741599371977,0.08618156132218963,0.009730645821630217,210058
0.5,1.4,25.0,35.0,0.19,239055,0.9720299298964091,0.08440114589473902,0.00946489861085882,209194
0.5,1.4,25.0,35.0,0.2,239055,0.9710911895651602,0.08278586946940511,0.0091932403773259,208414
0.5,1.4,25.0,35.0,0.21000000000000002,239055,0.9701744080720689,0.08120304660895786,0.00897456884515017,207698
0.5,1.4,25.0,35.0,0.22,239055,0.9693289928029908,0.07998520239887871,0.00883656696958869,207094
0.5,1.4,25.0,35.0,0.23,239055,0.9685165157911495,0.07884129404147783,0.008693083308311459,206486
0.5,1.4,25.0,35.0,0.24000000000000002,239055,0.9677095284888476,0.07792859945076501,0.008569583561936484,205961
0.5,1.4,25.0,35.0,0.25,239055,0.9668915617674669,0.07697951440385291,0.008479237550074717,205443
0.5,1.4,25.0,35.0,0.26,239055,0.9661614303987176,0.0761853770687999,0.00836687400902549,204975
0.5,1.4,25.0,35.0,0.27,239055,0.965403850482271,0.07549272672789498,0.00823703095363798,204564
0.5,1.4,25.0,35.0,0.28,239055,0.9642125835122064,0.0743317311746353,0.008127329801844222,203880
0.5,1.4,25.0,35.0,0.29000000000000004,239055,0.9632518843427994,0.07331513042192377,0.008037304109157805,203302
0.5,1.4,25.0,35.0,0.3,239055,0.962461366169116,0.07241492423601117,0.00797853979900786,202794
0.5,1.4,25.0,35.0,0.31,239055,0.9616598685763537,0.0717041323540322,0.007872459241614818,202351
0.5,1.4,25.0,35.0,0.32,239055,0.9609132680789859,0.07102673785439068,0.00781265471828894,201980
0.5,1.4,25.0,35.0,0.33,239055,0.9601776470006972,0.07038113815261471,0.007751861091410462,201629
0.5,1.4,25.0,35.0,0.34,239055,0.9595573098227372,0.06975556016796258,0.00770002682589991,201298
0.5,1.4,25.0,35.0,0.35000000000000003,239055,0.9588161990349091,0.06921084607021807,0.007642969811264424,200969
0.5,1.4,25.0,35.0,0.36000000000000004,239055,0.958053129408923,0.06853687306187586,0.007581686314582658,200615
0.5,1.4,25.0,35.0,0.37,239055,0.957279080363858,0.06794128966048063,0.0075142546158992645,200286
0.5,1.4,25.0,35.0,0.38,239055,0.9564775827710956,0.06732581045779625,0.007482544064982094,199932
0.5,1.4,25.0,35.0,0.39,239055,0.9556925543069517,0.06679746340103672,0.0074345345149767796,199609
0.5,1.4,25.0,35.0,0.4,239055,0.9548306699092551,0.0663077146062711,0.007396368052105757,199287
0.5,1.4,25.0,35.0,0.41000000000000003,239055,0.9540181928974139,0.06571293399137662,0.007353865177462891,198943
0.5,1.4,25.0,35.0,0.42000000000000004,239055,0.9532770821095856,0.06525776359065731,0.00729974778112839,198637
0.5,1.4,25.0,35.0,0.43,239055,0.9523218726497181,0.06478481435756991,0.007241699277847259,198296
0.5,1.4,25.0,35.0,0.44,239055,0.9515093956378768,0.06432161346570144,0.007217499785343778,197991
0.5,1.4,25.0,35.0,0.45,239055,0.950609083273404,0.06382725660654816,0.007164432841031557,197643
0.5,1.4,25.0,35.0,0.46,239055,0.9498020959711022,0.06327489686088943,0.007120846595171002,197308
0.5,1.4,25.0,35.0,0.47000000000000003,239055,0.9489182527352478,0.062761279408336,0.007082440624270179,196966
0.5,1.4,25.0,35.0,0.48000000000000004,239055,0.9480234300803144,0.06220607561391504,0.007049524691138249,196609
0.5,1.4,25.0,35.0,0.49,239055,0.9470243029441312,0.06170146802064693,0.006961006135469536,196236
0.5,1.4,25.0,35.0,0.5,239055,0.9459373404553165,0.06119035425134302,0.006887924431963237,195850
0.5,1.4,25.0,35.0,0.51,239055,0.9448778265141992,0.06066047054842741,0.00683466854926998,195474
0.5,1.4,25.0,35.0,0.52,239055,0.9437524360586081,0.06008649393394313,0.006782250292205795,195068
0.5,1.4,25.0,35.0,0.53,239055,0.9425282308313068,0.059655387716204225,0.006728852910357297,194684
0.5,1.4,25.0,35.0,0.54,239055,0.9413424535707816,0.059091432867106004,0.006665191231799396,194293
0.5,1.4,25.0,35.0,0.55,239055,0.9399261085095988,0.05858548091779338,0.006602430519735077,193868
0.5,1.4,25.0,35.0,0.56,239055,0.9386360267678238,0.058147925767198974,0.006544326699405531,193450
0.5,1.4,25.0,35.0,0.5700000000000001,239055,0.9372141919971014,0.05751872850431432,0.0065081766741973595,192988
0.5,1.4,25.0,35.0,0.5800000000000001,239055,0.9358472543217738,0.05704534643169272,0.0064496027418601025,192570
0.5,1.4,25.0,35.0,0.59,239055,0.9344693372273672,0.056560270912889975,0.006364885400836855,192148
0.5,1.4,25.0,35.0,0.6,239055,0.9329377082658556,0.05598760151537034,0.006313098374768476,191665
0.5,1.4,25.0,35.0,0.61,239055,0.931159042375068,0.05549461257900159,0.006261475448425215,191169
0.5,1.4,25.0,35.0,0.62,239055,0.9293035205507276,0.054992966080878905,0.006189319751797788,190651
0.5,1.4,25.0,35.0,0.63,239055,0.9274699575645453,0.054360541590404064,0.006123028689861232,190102
0.5,1.4,25.0,35.0,0.64,239055,0.9255540489352708,0.053755836925287355,0.006046025766832326,189546
0.5,1.4,25.0,35.0,0.65,239055,0.9237259756586279,0.05316969962974217,0.0060419444268088795,189012
0.5,1.4,25.0,35.0,0.66,239055,0.9217277213862615,0.05261108760050783,0.0059541182651333836,188441
0.5,1.4,25.0,35.0,0.67,239055,0.9195098787323163,0.05206116720242677,0.005887864398117587,187844
0.5,1.4,25.0,35.0,0.68,239055,0.9175665215553445,0.05142873357736727,0.005799175513168294,187268
0.5,1.4,25.0,35.0,0.6900000000000001,239055,0.9151400699388995,0.05087225853469676,0.005733975681512483,186607
0.5,1.4,25.0,35.0,0.7000000000000001,239055,0.912472071102718,0.05017286208177377,0.00568123739071957,185875
0.5,1.4,25.0,35.0,0.7100000000000001,239055,0.9097107472043654,0.04940226245382162,0.005650022686515568,185132
0.5,1.4,25.0,35.0,0.72,239055,0.906762773181671,0.04851466327183073,0.005540902825263478,184266
0.5,1.4,25.0,35.0,0.73,239055,0.9034634577484505,0.04765927897691106,0.005442221386075984,183381
0.5,1.4,25.0,35.0,0.74,239055,0.9001641423152301,0.04682931366223137,0.005298717239187493,182497
0.5,1.4,25.0,35.0,0.75,239055,0.8964915266333259,0.04606020246627996,0.0052160502327118505,181555
0.5,1.4,25.0,35.0,0.76,239055,0.8924950180885929,0.04524873591299088,0.005107099533049359,180533
0.5,1.4,25.0,35.0,0.77,239055,0.8883228388385971,0.04464006329076557,0.0050417265545787794,179502
0.5,1.4,25.0,35.0,0.78,239055,0.8839475403356408,0.04388694258060685,0.004977438973122951,178405
0.5,1.4,25.0,35.0,0.79,239055,0.8792648180984745,0.043116684490061716,0.004863050407604863,177255
0.5,1.4,25.0,35.0,0.8,239055,0.8737586394303878,0.04227140347076805,0.0047577903843748935,175922
0.5,1.4,25.0,35.0,0.81,239055,0.8680603209284197,0.041405231729865724,0.004634615825293889,174556
0.5,1.4,25.0,35.0,0.8200000000000001,239055,0.8612585708090185,0.04045846814392572,0.004481167532062031,172946
0.5,1.4,25.0,35.0,0.8300000000000001,239055,0.8537870761258022,0.03943548885183126,0.004357883914384522,171184
0.5,1.4,25.0,35.0,0.8400000000000001,239055,0.8443447757179168,0.03850241304293466,0.004181996711187876,169058
0.5,1.4,25.0,35.0,0.85,239055,0.833502599377467,0.03756433986662948,0.003912860829382464,166630
0.5,1.4,25.0,35.0,0.86,239055,0.8202284817110327,0.036256796940006324,0.0036912997775441856,163628
0.5,1.4,25.0,35.0,0.87,239055,0.8034464396488782,0.03508771929824561,0.003443879145467955,159994
0.5,1.4,25.0,35.0,0.88,239055,0.7817895355156759,0.03383379580317103,0.003165880558790788,155407
0.5,1.4,25.0,35.0,0.89,239055,0.752353712965047,0.03214689265536723,0.0028421659449531446,149182
0.5,1.4,25.0,35.0,0.9,239055,0.7137116475167299,0.030232280586594263,0.002458586631523757,141138
0.5,1.4,25.0,35.0,0.91,239055,0.6588914080555998,0.028287604135463135,0.002092404264812222,129994
0.5,1.4,25.0,35.0,0.92,239055,0.5686515626458204,0.025467579874308508,0.0017240609227745767,111945
0.5,1.4,25.0,35.0,0.93,239055,0.43835879643608056,0.02228453184116761,0.0015540195760077933,86228
0.5,1.4,25.0,35.0,0.9400000000000001,239055,0.24528022222344215,0.01748213304013194,0.0016973360104324067,48311
0.5,1.4,25.0,35.0,0.9500000000000001,239055,0.02090481392629516,0.0020964360587002098,0.0002487562189054726,4020
0.5,1.4,25.0,35.0,0.9600000000000001,239055,0.0,,,0
0.5,1.4,25.0,35.0,0.97,239055,0.0,,,0
0.5,1.4,25.0,35.0,0.98,239055,0.0,,,0
0.5,1.4,25.0,35.0,0.99,239055,0.0,,,0
1.4,2.3,5.0,15.0,0.01,516490,1.0,0.34283916435942613,0.012325298443639941,536701
1.4,2.3,5.0,15.0,0.02,516490,1.0,0.34283916435942613,0.012325298443639941,536701
1.4,2.3,5.0,15.0,0.03,516490,1.0,0.34283916435942613,0.012325298443639941,536701
1.4,2.3,5.0,15.0,0.04,516490,1.0,0.34283916435942613,0.012325298443639941,536701
1.4,2.3,5.0,15.0,0.05,516490,0.9999852688580714,0.33960369839985055,0.012336870726897861,534009
1.4,2.3,5.0,15.0,0.060000000000000005,516490,0.9989423040095222,0.30567569338641243,0.012040318679474396,506465
1.4,2.3,5.0,15.0,0.06999999999999999,516490,0.9974957058721278,0.2869721795168797,0.0115615978611755,492233
1.4,2.3,5.0,15.0,0.08,516490,0.9952595185273572,0.2714772185667549,0.01058112893147261,480100
1.4,2.3,5.0,15.0,0.09,516490,0.9913410347743337,0.25130612789817985,0.008799605460665591,464339
1.4,2.3,5.0,15.0,0.09999999999999999,516490,0.9881532156609716,0.2364035407256302,0.007489371846318885,453042
1.4,2.3,5.0,15.0,0.11,516490,0.9855192874841272,0.22537960803747797,0.00663092709351855,444885
1.4,2.3,5.0,15.0,0.12,516490,0.983103380207827,0.21624160884658927,0.005964768163563344,438240
1.4,2.3,5.0,15.0,0.13,516490,0.9809791495417142,0.20885191679854012,0.005479173596481502,432912
1.4,2.3,5.0,15.0,0.14,516490,0.9791937351399606,0.20240032253884147,0.005130671048823074,428404
1.4,2.3,5.0,15.0,0.15000000000000002,516490,0.977352342398878,0.1972597502220222,0.004862553393897437,424674
1.4,2.3,5.0,15.0,0.16,516490,0.9755963902809818,0.1925097176634689,0.004600615314494075,421248
1.4,2.3,5.0,15.0,0.17,516490,0.9739465023849718,0.18846080197966328,0.004394143691845731,418284
1.4,2.3,5.0,15.0,0.18000000000000002,516490,0.9723349154579765,0.1849192765639008,0.00422474894501571,415646
1.4,2.3,5.0,15.0,0.19,516490,0.9708824248638106,0.18166218427711844,0.004060525545255017,413247
1.4,2.3,5.0,15.0,0.2,516490,0.9695183211212167,0.17859772702878782,0.003955800137212256,411042
1.4,2.3,5.0,15.0,0.21000000000000002,516490,0.9681483249218513,0.1757257419210808,0.0038564717562964176,408923
1.4,2.3,5.0,15.0,0.22,516490,0.9668460919753578,0.17318632811122142,0.0037368987425741114,407022
1.4,2.3,5.0,15.0,0.23,516490,0.9655173429733926,0.17071004344932472,0.003642942292931063,405167
1.4,2.3,5.0,15.0,0.24000000000000002,516490,0.9641915401998132,0.16834262160520652,0.0035723228031206383,403379
1.4,2.3,5.0,15.0,0.25,516490,0.9628598449694623,0.1660133821255225,0.003523274778083488,401615
1.4,2.3,5.0,15.0,0.26,516490,0.9615959129919833,0.1639162845505546,0.0034748870661703494,400013
1.4,2.3,5.0,15.0,0.27,516490,0.9602848413603325,0.16185066229167577,0.0033959564775422613,398415
1.4,2.3,5.0,15.0,0.28,516490,0.958608437408851,0.15918628930557566,0.0032216446041240083,396071
1.4,2.3,5.0,15.0,0.29000000000000004,516490,0.9568023994083973,0.15666670994715454,0.0030597424230112942,393824
1.4,2.3,5.0,15.0,0.3,516490,0.9554471343509606,0.15455706762604932,0.0029810173709925846,392148
1.4,2.3,5.0,15.0,0.31,516490,0.9539740201580946,0.15257320226542298,0.0029166090514746927,390522
1.4,2.3,5.0,15.0,0.32,516490,0.9526717872116011,0.1507115203790573,0.0028685553893369937,389046
1.4,2.3,5.0,15.0,0.33,516490,0.9513076834690072,0.14891429836630768,0.00280199493783235,387581
1.4,2.3,5.0,15.0,0.34,516490,0.9498051069922838,0.1470999865072583,0.002761135847365654,386073
1.4,2.3,5.0,15.0,0.35000000000000003,516490,0.948296638058789,0.1453205698429347,0.002711957835946052,384593
1.4,2.3,5.0,15.0,0.36000000000000004,516490,0.9465789869099073,0.14358941551846846,0.002655040530485974,383045
1.4,2.3,5.0,15.0,0.37,516490,0.9450027547235407,0.1418794912542605,0.002610247580410564,381573
1.4,2.3,5.0,15.0,0.38,516490,0.9434883933332744,0.14003824009624474,0.0025757667444571025,380081
1.4,2.3,5.0,15.0,0.39,516490,0.9419062686901363,0.1382985318415456,0.002527660316261281,378611
1.4,2.3,5.0,15.0,0.4,516490,0.9403005742199124,0.13669831480429548,0.0025157399430048378,377225
1.4,2.3,5.0,15.0,0.41000000000000003,516490,0.9386860410645312,0.13520981488518538,0.002466422596368745,375848
1.4,2.3,5.0,15.0,0.42000000000000004,516490,0.9371893570445794,0.13353127042928742,0.002432817127459856,374463
1.4,2.3,5.0,15.0,0.43,516490,0.9354717058956976,0.13201734243100205,0.0023749849217943736,373055
1.4,2.3,5.0,15.0,0.44,516490,0.9337864632590589,0.1305410543468421,0.002337869176176871,371706
1.4,2.3,5.0,15.0,0.45,516490,0.9321513065049777,0.12905312592046114,0.0022897444828768694,370347
1.4,2.3,5.0,15.0,0.46,516490,0.9304866874670391,0.12749810759888833,0.0022548036532155343,368990
1.4,2.3,5.0,15.0,0.47000000000000003,516490,0.9288279608858719,0.12596757380176105,0.0022141104661600143,367642
1.4,2.3,5.0,15.0,0.48000000000000004,516490,0.9269571058609322,0.12444621309942562,0.0021681608043494288,366209
1.4,2.3,5.0,15.0,0.49,516490,0.9252659707675219,0.12290466907595976,0.002154233232747634,364863
1.4,2.3,5.0,15.0,0.5,516490,0.9234658252238397,0.12144586958471612,0.0021101573676680974,363480
1.4,2.3,5.0,15.0,0.51,516490,0.921627378711143,0.11986697390966718,0.002074299129954426,362050
1.4,2.3,5.0,15.0,0.52,516490,0.9196416207791596,0.11844215996384998,0.0020435381770086704,360649
1.4,2.3,5.0,15.0,0.53,516490,0.9178208516367772,0.1169579205465085,0.0020012915149693264,359268
1.4,2.3,5.0,15.0,0.54,516490,0.9157879540506221,0.1155140867714389,0.0019701377419706406,357843
1.4,2.3,5.0,15.0,0.55,516490,0.913755056464467,0.11405906768016956,0.0019388001324332363,356406
1.4,2.3,5.0,15.0,0.56,516490,0.9117192126499262,0.11263122578721135,0.001895822710998307,354991
1.4,2.3,5.0,15.0,0.5700000000000001,516490,0.9097422934031,0.11107592568069413,0.0018497672234824272,353558
1.4,2.3,5.0,15.0,0.5800000000000001,516490,0.9075561919408869,0.10952825579815512,0.0018008549800457316,352055
1.4,2.3,5.0,15.0,0.59,516490,0.9053877678489881,0.10800722176747535,0.0017827447423292059,350583
1.4,2.3,5.0,15.0,0.6,516490,0.9031545267326032,0.10673823344289811,0.0017527128386215429,349173
1.4,2.3,5.0,15.0,0.61,516490,0.9008328987646465,0.105193691597674,0.0017144615986491424,347631
1.4,2.3,5.0,15.0,0.62,516490,0.8986850982714478,0.10366258602551821,0.0016668496253199369,346162
1.4,2.3,5.0,15.0,0.63,516490,0.8964872118956917,0.10228291911539097,0.001650543170841371,344735
1.4,2.3,5.0,15.0,0.64,516490,0.8941655839277349,0.1008035127015448,0.0016112771921236808,343206
1.4,2.3,5.0,15.0,0.65,516490,0.8917084294540344,0.09935991858378639,0.00157464182752111,341665
1.4,2.3,5.0,15.0,0.66,516490,0.8890892324191186,0.09778761061946903,0.001543936007528526,340040
1.4,2.3,5.0,15.0,0.67,516490,0.8865554760073892,0.0962273727965977,0.0015099223468507334,338428
1.4,2.3,5.0,15.0,0.68,516490,0.8839863648550308,0.09458240163194853,0.0014727934080617624,336775
1.4,2.3,5.0,15.0,0.6900000000000001,516490,0.8812286950859857,0.09284353807519198,0.0014326904135102706,335034
1.4,2.3,5.0,15.0,0.7000000000000001,516490,0.8784091545208401,0.09130613675500221,0.0014040603745961075,333319
1.4,2.3,5.0,15.0,0.7100000000000001,516490,0.8752154429507066,0.08955416003898456,0.0013848576824904508,331442
1.4,2.3,5.0,15.0,0.72,516490,0.8712704431422115,0.08772211253701875,0.0013126589547953072,329103
1.4,2.3,5.0,15.0,0.73,516490,0.8678233559309051,0.08622925391655033,0.0012926648147638825,327231
1.4,2.3,5.0,15.0,0.74,516490,0.8642230648435405,0.08449904184066466,0.001272980527087734,325221
1.4,2.3,5.0,15.0,0.75,516490,0.8606168812994046,0.08276550714989983,0.001249980662427871,323205
1.4,2.3,5.0,15.0,0.76,516490,0.8566159031515805,0.08101598700305328,0.0012210126306281051,321045
1.4,2.3,5.0,15.0,0.77,516490,0.8522171841716826,0.07923921693458538,0.00118909048696236,318731
1.4,2.3,5.0,15.0,0.78,516490,0.8475444659519117,0.07720857124526849,0.0011636621205844873,316243
1.4,2.3,5.0,15.0,0.79,516490,0.8425093616406957,0.07528981875212211,0.0011413232335791322,313671
1.4,2.3,5.0,15.0,0.8,516490,0.8369822371890624,0.07331028183716075,0.0011128765607611303,310906
1.4,2.3,5.0,15.0,0.81,516490,0.8313578872007,0.07108644340638177,0.0010810635327727818,308030
1.4,2.3,5.0,15.0,0.8200000000000001,516490,0.8249910876591332,0.06869634916569939,0.001036687586322285,304817
1.4,2.3,5.0,15.0,0.8300000000000001,516490,0.8178052366263328,0.06616449785361521,0.000999047419901954,301287
1.4,2.3,5.0,15.0,0.8400000000000001,516490,0.8096235603991551,0.0632701688363484,0.000972085341693043,297299
1.4,2.3,5.0,15.0,0.85,516490,0.8001042964848549,0.06023033214060781,0.000946115801841681,292776
1.4,2.3,5.0,15.0,0.86,516490,0.7891796816305606,0.05694036629417605,0.0008898034090593109,287704
1.4,2.3,5.0,15.0,0.87,516490,0.7763488570106978,0.053260518090037005,0.000862182136863431,281843
1.4,2.3,5.0,15.0,0.88,516490,0.7602241490555864,0.049700215079107865,0.0008294558696735655,274879
1.4,2.3,5.0,15.0,0.89,516490,0.7405492358956681,0.04574342075291188,0.000757894104934566,266528
1.4,2.3,5.0,15.0,0.9,516490,0.7150938226429436,0.0407280056912497,0.0006798362141718501,255944
1.4,2.3,5.0,15.0,0.91,516490,0.6798127377238029,0.03460914096363363,0.0006372536848987429,241662
1.4,2.3,5.0,15.0,0.92,516490,0.6283804287940793,0.02700692964968545,0.0005868359161637182,221527
1.4,2.3,5.0,15.0,0.93,516490,0.5579773552886272,0.019065821368636958,0.0005127232268749007,195037
1.4,2.3,5.0,15.0,0.9400000000000001,516490,0.44379922042796915,0.010887051762743695,0.0004683109584764284,153744
1.4,2.3,5.0,15.0,0.9500000000000001,516490,0.10468538700182961,0.0017979548263849872,0.0003901134115417839,35887
1.4,2.3,5.0,15.0,0.9600000000000001,516490,0.0,,,0
1.4,2.3,5.0,15.0,0.97,516490,0.0,,,0
1.4,2.3,5.0,15.0,0.98,516490,0.0,,,0
1.4,2.3,5.0,15.0,0.99,516490,0.0,,,0
1.4,2.3,15.0,25.0,0.01,581782,1.0,0.3503546001766985,0.011711423893953264,604111
1.4,2.3,15.0,25.0,0.02,581782,1.0,0.3503546001766985,0.011711423893953264,604111
1.4,2.3,15.0,25.0,0.03,581782,1.0,0.3503546001766985,0.011711423893953264,604111
1.4,2.3,15.0,25.0,0.04,581782,1.0,0.3503546001766985,0.011711423893953264,604111
1.4,2.3,15.0,25.0,0.05,581782,0.9999788332909999,0.3480430631336175,0.011724252491694353,602000
1.4,2.3,15.0,25.0,0.060000000000000005,581782,0.9987855600711202,0.3124214506628198,0.011727320078497808,570207
1.4,2.3,15.0,25.0,0.06999999999999999,581782,0.9970763483193633,0.2936365868608049,0.011403424819558635,553781
1.4,2.3,15.0,25.0,0.08,581782,0.9944410930488528,0.27612240692270507,0.010458135860979463,538050
1.4,2.3,15.0,25.0,0.09,581782,0.9906205020743375,0.2565743491175957,0.009297810045318669,521198
1.4,2.3,15.0,25.0,0.09999999999999999,581782,0.9878053297773263,0.24371829776200432,0.008502208340354823,510338
1.4,2.3,15.0,25.0,0.11,581782,0.9851198035729405,0.2330929591157854,0.007894679117885765,501477
1.4,2.3,15.0,25.0,0.12,581782,0.9826141943950555,0.22427107201864852,0.007400002832924245,494189
1.4,2.3,15.0,25.0,0.13,581782,0.9805477944289221,0.21705824317672384,0.00700566637792099,488319
1.4,2.3,15.0,25.0,0.14,581782,0.9786295614257895,0.2111033142725514,0.006713991412047954,483468
1.4,2.3,15.0,25.0,0.15000000000000002,581782,0.9768594953856574,0.20597957344677117,0.006422347599652801,479264
1.4,2.3,15.0,25.0,0.16,581782,0.9751926170519007,0.20153550863723607,0.006117307627603378,475536
1.4,2.3,15.0,25.0,0.17,581782,0.9736368639403945,0.1974369487651467,0.005898449247921247,472158
1.4,2.3,15.0,25.0,0.18000000000000002,581782,0.9721737151807637,0.19369279417863908,0.005670722867936112,469076
1.4,2.3,15.0,25.0,0.19,581782,0.9706761705190077,0.1903133966011918,0.005516259238447383,466258
1.4,2.3,15.0,25.0,0.2,581782,0.9693664803996275,0.18715417212078184,0.005303592380426531,463648
1.4,2.3,15.0,25.0,0.21000000000000002,581782,0.9681255820844975,0.18424561028028216,0.005146816518375913,461256
1.4,2.3,15.0,25.0,0.22,581782,0.9668476420286174,0.18152150784495985,0.005006885011591222,458968
1.4,2.3,15.0,25.0,0.23,581782,0.9655670561341123,0.17901613676090464,0.004872709760742508,456830
1.4,2.3,15.0,25.0,0.24000000000000002,581782,0.9641647616628567,0.17661679176815628,0.004767800632041468,454717
1.4,2.3,15.0,25.0,0.25,581782,0.9628656548979765,0.17425024562581828,0.0046521799638163785,452691
1.4,2.3,15.0,25.0,0.26,581782,0.961492464651596,0.17193684445588842,0.004526654003869845,450664
1.4,2.3,15.0,25.0,0.27,581782,0.9601827745322157,0.16980911944218222,0.004451822060805918,448805
1.4,2.3,15.0,25.0,0.28,581782,0.9583809584285835,0.16662180226070591,0.004226423221099812,445767
1.4,2.3,15.0,25.0,0.29000000000000004,581782,0.9564442045550757,0.16354094597690244,0.0040848953711293415,442851
1.4,2.3,15.0,25.0,0.3,581782,0.9549731182795699,0.16139869888475836,0.003996425444664704,440894
1.4,2.3,15.0,25.0,0.31,581782,0.9536052197104394,0.15912426129377702,0.0038639946778941227,438924
1.4,2.3,15.0,25.0,0.32,581782,0.9521235500804335,0.15715473527655138,0.003770295652492216,437101
1.4,2.3,15.0,25.0,0.33,581782,0.9505492760985522,0.15528385511574047,0.0036963778254087494,435291
1.4,2.3,15.0,25.0,0.34,581782,0.9490914190161713,0.1533485019424946,0.0036099584105110916,433523
1.4,2.3,15.0,25.0,0.35000000000000003,581782,0.9476944162221658,0.15142017119287746,0.0035340599076419993,431798
1.4,2.3,15.0,25.0,0.36000000000000004,581782,0.9461386631106595,0.14961392027281223,0.0034621948780907473,430074
1.4,2.3,15.0,25.0,0.37,581782,0.944492951485903,0.1478507265301056,0.0033781496517961158,428341
1.4,2.3,15.0,25.0,0.38,581782,0.9429133858267716,0.14603866088694314,0.003283991420836117,426615
1.4,2.3,15.0,25.0,0.39,581782,0.9414158411650156,0.14433783036336964,0.0032163949083550973,425010
1.4,2.3,15.0,25.0,0.4,581782,0.9398997756328846,0.14270579433839323,0.003162143078118395,423447
1.4,2.3,15.0,25.0,0.41000000000000003,581782,0.9383466683600034,0.14090887069424932,0.003077594260215574,421758
1.4,2.3,15.0,25.0,0.42000000000000004,581782,0.9368729362458725,0.1391677890202218,0.0030273460742080587,420170
1.4,2.3,15.0,25.0,0.43,581782,0.9352960164253662,0.13738930548878842,0.002969932716568545,418528
1.4,2.3,15.0,25.0,0.44,581782,0.9336661798323597,0.13568874301949643,0.0028929257650301405,416879
1.4,2.3,15.0,25.0,0.45,581782,0.9320469265938532,0.13401248331419946,0.0028175662007648367,415252
1.4,2.3,15.0,25.0,0.46,581782,0.9304144441622216,0.13243036538129424,0.0027725203829800605,413703
1.4,2.3,15.0,25.0,0.47000000000000003,581782,0.9286734823469647,0.1307597438297746,0.0027253444903387386,412058
1.4,2.3,15.0,25.0,0.48000000000000004,581782,0.9269669164338329,0.1290786876606492,0.002663054203995312,410431
1.4,2.3,15.0,25.0,0.49,581782,0.9251994962323258,0.1275141159768156,0.0026220141569197205,408846
1.4,2.3,15.0,25.0,0.5,581782,0.9233024299381932,0.12576503450953866,0.002566842292718274,407115
1.4,2.3,15.0,25.0,0.51,581782,0.9214000719668106,0.12411907624360528,0.0025157232704402514,405450
1.4,2.3,15.0,25.0,0.52,581782,0.9194712556091779,0.12246979920003233,0.0024643169384019835,403763
1.4,2.3,15.0,25.0,0.53,581782,0.9175980018626704,0.12078306304205084,0.0024148762344842335,402091
1.4,2.3,15.0,25.0,0.54,581782,0.915505143510287,0.1190407690956354,0.0023706686584613387,400309
1.4,2.3,15.0,25.0,0.55,581782,0.913502243671154,0.11731395102097165,0.0022982507200851056,398564
1.4,2.3,15.0,25.0,0.56,581782,0.9112665100330201,0.11571917860975747,0.0022254314136152045,396777
1.4,2.3,15.0,25.0,0.5700000000000001,581782,0.9091577766488866,0.11401896147628268,0.0021543213001873323,395020
1.4,2.3,15.0,25.0,0.5800000000000001,581782,0.9069458555583778,0.1122443165631588,0.0021006853931155502,393205
1.4,2.3,15.0,25.0,0.59,581782,0.9047392261451189,0.11050646411570376,0.0020515519492298375,391411
1.4,2.3,15.0,25.0,0.6,581782,0.9023685547371095,0.10887332775919732,0.002012361650136553,389592
1.4,2.3,15.0,25.0,0.61,581782,0.8999052789772246,0.10709007043603133,0.0019655132388408116,387685
1.4,2.3,15.0,25.0,0.62,581782,0.8973890864448395,0.10536380781557048,0.0019284753380663924,385797
1.4,2.3,15.0,25.0,0.63,581782,0.8948014562695792,0.10360712572326727,0.001878171530983318,383884
1.4,2.3,15.0,25.0,0.64,581782,0.8922323469646939,0.10189596810491076,0.0018220467658669906,381988
1.4,2.3,15.0,25.0,0.65,581782,0.8897002794005588,0.10018383582684645,0.0017652598957154958,380114
1.4,2.3,15.0,25.0,0.66,581782,0.8870332740665481,0.09849307848683998,0.0017345916173744735,378187
1.4,2.3,15.0,25.0,0.67,581782,0.8843424561849124,0.09678317218568101,0.0016957035973899986,376245
1.4,2.3,15.0,25.0,0.68,581782,0.8815643256286513,0.09499350829254513,0.0016326945070919332,374228
1.4,2.3,15.0,25.0,0.6900000000000001,581782,0.8783972567945136,0.0932475357315511,0.001566850496124531,372084
1.4,2.3,15.0,25.0,0.7000000000000001,581782,0.8753439590212514,0.09142639009801472,0.0015432932959987891,369988
1.4,2.3,15.0,25.0,0.7100000000000001,581782,0.8721133900601135,0.08957400558491024,0.0014871808814333487,367810
1.4,2.3,15.0,25.0,0.72,581782,0.8680626111252222,0.08744085913835832,0.001347731045477705,365058
1.4,2.3,15.0,25.0,0.73,581782,0.8644272288544577,0.08545771621958285,0.0013151944943807833,362684
1.4,2.3,15.0,25.0,0.74,581782,0.8605907628481924,0.0836760910965619,0.0012794147440754217,360321
1.4,2.3,15.0,25.0,0.75,581782,0.856767526035052,0.08165939236155423,0.00125743633879247,357871
1.4,2.3,15.0,25.0,0.76,581782,0.8524733299466599,0.07965082067424974,0.0012160929635509914,355236
1.4,2.3,15.0,25.0,0.77,581782,0.8480733003132673,0.07754492396597175,0.001177188080616109,352535
1.4,2.3,15.0,25.0,0.78,581782,0.8432261239522479,0.07523228079135062,0.0011384797576582787,349589
1.4,2.3,15.0,25.0,0.79,581782,0.837997946829227,0.07301489741563497,0.0011167767571919557,346533
1.4,2.3,15.0,25.0,0.8,581782,0.8322855812378291,0.07071196454948302,0.0010895689793302356,343255
1.4,2.3,15.0,25.0,0.81,581782,0.8261631106595546,0.06818860041778574,0.001056653088134875,339752
1.4,2.3,15.0,25.0,0.8200000000000001,581782,0.8193103886207772,0.06541717596993979,0.001036142928175644,335861
1.4,2.3,15.0,25.0,0.8300000000000001,581782,0.8115633731267462,0.06246905278601339,0.000986169500521735,331586
1.4,2.3,15.0,25.0,0.8400000000000001,581782,0.8029485225637117,0.05955195805301014,0.0009480789168657122,326977
1.4,2.3,15.0,25.0,0.85,581782,0.7929207941749217,0.056416166043248825,0.0009230941369536028,321744
1.4,2.3,15.0,25.0,0.86,581782,0.7813373126746254,0.05274097834803528,0.0008836356380704438,315741
1.4,2.3,15.0,25.0,0.87,581782,0.7674360765388197,0.04889725412013143,0.0008419552792215152,308805
1.4,2.3,15.0,25.0,0.88,581782,0.7507143764287528,0.04519711271515824,0.0008111001043792758,300826
1.4,2.3,15.0,25.0,0.89,581782,0.7300424392515452,0.04080525900458529,0.0007865685688573803,291138
1.4,2.3,15.0,25.0,0.9,581782,0.7036793031919397,0.03591262361163472,0.0007523753564826094,279116
1.4,2.3,15.0,25.0,0.91,581782,0.667994877656422,0.03015519360786724,0.000733070997736216,263276
1.4,2.3,15.0,25.0,0.92,581782,0.6204306366946067,0.02399503866676656,0.0006753445698590424,242839
1.4,2.3,15.0,25.0,0.93,581782,0.5593805562611125,0.01796215267133023,0.0006436308133654536,217516
1.4,2.3,15.0,25.0,0.9400000000000001,581782,0.4493533570400474,0.010769849082320322,0.00061142323177555,173366
1.4,2.3,15.0,25.0,0.9500000000000001,581782,0.10528585640504615,0.001530586641240528,0.0002489853845579264,40163
1.4,2.3,15.0,25.0,0.9600000000000001,581782,0.0,,,0
1.4,2.3,15.0,25.0,0.97,581782,0.0,,,0
1.4,2.3,15.0,25.0,0.98,581782,0.0,,,0
1.4,2.3,15.0,25.0,0.99,581782,0.0,,,0
1.4,2.3,25.0,35.0,0.01,201478,1.0,0.28518250131528006,0.010461324942726504,210394
1.4,2.3,25.0,35.0,0.02,201478,1.0,0.28518250131528006,0.010461324942726504,210394
1.4,2.3,25.0,35.0,0.03,201478,1.0,0.28518250131528006,0.010461324942726504,210394
1.4,2.3,25.0,35.0,0.04,201478,1.0,0.28518250131528006,0.010461324942726504,210394
1.4,2.3,25.0,35.0,0.05,201478,1.0,0.28380683372204624,0.010467015567185572,209993
1.4,2.3,25.0,35.0,0.060000000000000005,201478,0.9992292737119844,0.26178934355170486,0.010581724796590279,203653
1.4,2.3,25.0,35.0,0.06999999999999999,201478,0.997840577697542,0.24897308596812123,0.010417031496259976,199865
1.4,2.3,25.0,35.0,0.08,201478,0.9956325510345785,0.23656314721839178,0.009778540316691942,195837
1.4,2.3,25.0,35.0,0.09,201478,0.9923135675600611,0.22159827449100752,0.008339659189068921,191015
1.4,2.3,25.0,35.0,0.09999999999999999,201478,0.9894736842105263,0.2115394191560112,0.007529767610283937,187788
1.4,2.3,25.0,35.0,0.11,201478,0.9869948618247466,0.20217883021176522,0.006962138301497915,184857
1.4,2.3,25.0,35.0,0.12,201478,0.9842660741563671,0.19320432555492317,0.006198619598188772,181976
1.4,2.3,25.0,35.0,0.13,201478,0.9818289126510207,0.18598707047912913,0.00579777881640738,179724
1.4,2.3,25.0,35.0,0.14,201478,0.9796833773087071,0.18013887678317209,0.005456803583169891,177943
1.4,2.3,25.0,35.0,0.15000000000000002,201478,0.9774961810859603,0.1751971502560317,0.005267305849601125,176371
1.4,2.3,25.0,35.0,0.16,201478,0.9754825718650187,0.1712199064378543,0.0051117152517591155,175088
1.4,2.3,25.0,35.0,0.17,201478,0.973725871406749,0.16747701057305858,0.005030325677656731,173945
1.4,2.3,25.0,35.0,0.18000000000000002,201478,0.9719344535481184,0.16425556305190192,0.004892973435665497,172901
1.4,2.3,25.0,35.0,0.19,201478,0.9704554922927371,0.16096363265257116,0.004717749441548772,171904
1.4,2.3,25.0,35.0,0.2,201478,0.9687960005554784,0.1583868165806109,0.004612767251106421,171047
1.4,2.3,25.0,35.0,0.21000000000000002,201478,0.9672545479794473,0.15586634833298996,0.004488203778550616,170224
1.4,2.3,25.0,35.0,0.22,201478,0.9657269823635606,0.15354747617366749,0.004379131255901794,169440
1.4,2.3,25.0,35.0,0.23,201478,0.9642271906679628,0.15118915912299896,0.004262862699062051,168666
1.4,2.3,25.0,35.0,0.24000000000000002,201478,0.9627760033328704,0.14902326609017988,0.004197827847377697,167944
1.4,2.3,25.0,35.0,0.25,201478,0.9611303985557561,0.14680194034726546,0.004091251659827976,167186
1.4,2.3,25.0,35.0,0.26,201478,0.9597000416608804,0.14469238480674265,0.003964606873186643,166473
1.4,2.3,25.0,35.0,0.27,201478,0.9582835717261492,0.14277195990012298,0.003889924191709938,165813
1.4,2.3,25.0,35.0,0.28,201478,0.956283849465352,0.1398486097579255,0.0036968240093240095,164736
1.4,2.3,25.0,35.0,0.29000000000000004,201478,0.9541452576031106,0.13728395371759697,0.00357225730022838,163762
1.4,2.3,25.0,35.0,0.3,201478,0.9524510484654909,0.13520533609048152,0.003466045027912398,163010
1.4,2.3,25.0,35.0,0.31,201478,0.9507915567282322,0.13325864317091388,0.0034007947509472323,162315
1.4,2.3,25.0,35.0,0.32,201478,0.9490001388696014,0.13147777460045118,0.003334880123743233,161625
1.4,2.3,25.0,35.0,0.33,201478,0.9473614775725594,0.12995874224424336,0.003272580494923464,161035
1.4,2.3,25.0,35.0,0.34,201478,0.9457367032356617,0.1282656836015002,0.0031916617835903703,160418
1.4,2.3,25.0,35.0,0.35000000000000003,201478,0.9440494375781141,0.12651697664707204,0.0030983006290489154,159765
1.4,2.3,25.0,35.0,0.36000000000000004,201478,0.9422580197194834,0.12493068004488064,0.0030600447382310805,159148
1.4,2.3,25.0,35.0,0.37,201478,0.9403346757394806,0.12335905336474975,0.0029968265184446784,158501
1.4,2.3,25.0,35.0,0.38,201478,0.938744618802944,0.12174302808255218,0.002932217022058125,157901
1.4,2.3,25.0,35.0,0.39,201478,0.9368073878627968,0.12020632136312952,0.002899545992140704,157266
1.4,2.3,25.0,35.0,0.4,201478,0.9349257047632273,0.11856506938989264,0.002853841193633444,156631
1.4,2.3,25.0,35.0,0.41000000000000003,201478,0.9329259825024302,0.1171155779554878,0.0027754631113390167,156010
1.4,2.3,25.0,35.0,0.42000000000000004,201478,0.9308915428412721,0.11555968967701076,0.0027225858773098533,155367
1.4,2.3,25.0,35.0,0.43,201478,0.9289404249409804,0.11414666445952656,0.002674885154387393,154773
1.4,2.3,25.0,35.0,0.44,201478,0.9267462852381614,0.11258419047492403,0.002615049186284943,154108
1.4,2.3,25.0,35.0,0.45,201478,0.9244549368143313,0.11105472949062915,0.002548376794780716,153431
1.4,2.3,25.0,35.0,0.46,201478,0.9222538536314401,0.10966993779493779,0.0024935044536214717,152797
1.4,2.3,25.0,35.0,0.47000000000000003,201478,0.9203791140119428,0.10822193367824057,0.0024112058657345965,152206
1.4,2.3,25.0,35.0,0.48000000000000004,201478,0.9181572003888349,0.10686569180372159,0.002388020317962926,151590
1.4,2.3,25.0,35.0,0.49,201478,0.9154909040411054,0.10548989809902441,0.002352629311773087,150895
1.4,2.3,25.0,35.0,0.5,201478,0.9130190251353979,0.10393539813962997,0.002323475759956327,150206
1.4,2.3,25.0,35.0,0.51,201478,0.9104777114289682,0.10249074270538874,0.002267346201693487,149514
1.4,2.3,25.0,35.0,0.52,201478,0.907853075961672,0.10102926919824261,0.00222426804109856,148813
1.4,2.3,25.0,35.0,0.53,201478,0.9051659491737258,0.0994860600701832,0.0022080868649218053,148092
1.4,2.3,25.0,35.0,0.54,201478,0.9022010831828913,0.09785529303126454,0.002178945010487446,147319
1.4,2.3,25.0,35.0,0.55,201478,0.8990973475906124,0.09639781719724777,0.00211539117677164,146545
1.4,2.3,25.0,35.0,0.56,201478,0.8959727815581169,0.09481954333415173,0.002037735849056604,145750
1.4,2.3,25.0,35.0,0.5700000000000001,201478,0.8925565893625885,0.09352720913341184,0.001986576810854435,144973
1.4,2.3,25.0,35.0,0.5800000000000001,201478,0.889168171087349,0.09208987075230242,0.0019352019476871216,144171
1.4,2.3,25.0,35.0,0.59,201478,0.8858353006526871,0.09056044253717511,0.0018971890911627259,143370
1.4,2.3,25.0,35.0,0.6,201478,0.88232884321622,0.08907590735417459,0.001851994752681534,142549
1.4,2.3,25.0,35.0,0.61,201478,0.8787112900985974,0.08756497977605861,0.0018065954849226904,141703
1.4,2.3,25.0,35.0,0.62,201478,0.8750867935009027,0.08607686729514141,0.0017393403285578383,140858
1.4,2.3,25.0,35.0,0.63,201478,0.8709207054575754,0.08453942326640537,0.001679423136018981,139929
1.4,2.3,25.0,35.0,0.64,201478,0.8665463130120816,0.08283175695041559,0.0016408780136739835,138950
1.4,2.3,25.0,35.0,0.65,201478,0.8618178030829051,0.08116491342359883,0.0015952664094903849,137908
1.4,2.3,25.0,35.0,0.66,201478,0.8572212192751006,0.07977101797121326,0.0015553348716301077,136948
1.4,2.3,25.0,35.0,0.67,201478,0.8522080266629635,0.07807464940020581,0.0015308413003319275,135873
1.4,2.3,25.0,35.0,0.68,201478,0.8470629079294543,0.07636980337823003,0.0014691369933146846,134773
1.4,2.3,25.0,35.0,0.6900000000000001,201478,0.8418622413553674,0.07479759170373988,0.0014435518855929034,133698
1.4,2.3,25.0,35.0,0.7000000000000001,201478,0.8358283571726149,0.07318237463524303,0.0014190178584907085,132486
1.4,2.3,25.0,35.0,0.7100000000000001,201478,0.8297944729898625,0.07181912794942293,0.0013783650001903819,131315
1.4,2.3,25.0,35.0,0.72,201478,0.8227954450770726,0.07005634642851537,0.0012624221570483954,129909
1.4,2.3,25.0,35.0,0.73,201478,0.8157547562838494,0.06831140611741568,0.0012136488820426645,128538
1.4,2.3,25.0,35.0,0.74,201478,0.8089084849326482,0.06650694316460869,0.0011714389043508341,127194
1.4,2.3,25.0,35.0,0.75,201478,0.8014164699347313,0.06478900628767745,0.0011529256482225067,125767
1.4,2.3,25.0,35.0,0.76,201478,0.7929870851270657,0.06319415962595357,0.0011190274926538664,124215
1.4,2.3,25.0,35.0,0.77,201478,0.7846826829606999,0.06148786685933529,0.0010597797288594325,122667
1.4,2.3,25.0,35.0,0.78,201478,0.775656158866824,0.059759279521925765,0.001057650198722557,121023
1.4,2.3,25.0,35.0,0.79,201478,0.765838078044716,0.058015697460905805,0.0010733752620545073,119250
1.4,2.3,25.0,35.0,0.8,201478,0.7549923621719206,0.05626773826779034,0.001039846580012785,117325
1.4,2.3,25.0,35.0,0.81,201478,0.7429107068462714,0.054238486696720586,0.0009984545659761414,115178
1.4,2.3,25.0,35.0,0.8200000000000001,201478,0.7294334120261075,0.052030788944134126,0.0009486404298139068,112793
1.4,2.3,25.0,35.0,0.8300000000000001,201478,0.7133870295792251,0.0499167745515073,0.0008905690554515548,110042
1.4,2.3,25.0,35.0,0.8400000000000001,201478,0.6950631856686571,0.04769923038138455,0.0008977752008304421,106931
1.4,2.3,25.0,35.0,0.85,201478,0.6746007498958478,0.04542194362294776,0.0008696240325432638,103493
1.4,2.3,25.0,35.0,0.86,201478,0.6498472434384114,0.04304659461559698,0.0007948245852323605,99393
1.4,2.3,25.0,35.0,0.87,201478,0.618782113595334,0.039532251980384764,0.0007638852050289109,94255
1.4,2.3,25.0,35.0,0.88,201478,0.5893209276489376,0.03644248671722447,0.0007267360606433291,89441
1.4,2.3,25.0,35.0,0.89,201478,0.5553464796556034,0.0336140545896113,0.0006665952457474794,84009
1.4,2.3,25.0,35.0,0.9,201478,0.5117205943618942,0.03013633731641838,0.0006225357958082589,77104
1.4,2.3,25.0,35.0,0.91,201478,0.4505138175253437,0.026526233664911254,0.000621219068467216,67609
1.4,2.3,25.0,35.0,0.92,201478,0.3661019302874601,0.02169032377771593,0.0005853944094833894,54664
1.4,2.3,25.0,35.0,0.93,201478,0.28689070962366336,0.016495679702934946,0.0005398680844072014,42603
1.4,2.3,25.0,35.0,0.9400000000000001,201478,0.20948479377864185,0.00997571700465971,0.0005179166801540802,30893
1.4,2.3,25.0,35.0,0.9500000000000001,201478,0.049951395639494515,0.0012494793835901709,0.0002745744096650192,7284
1.4,2.3,25.0,35.0,0.9600000000000001,201478,0.0,,,0
1.4,2.3,25.0,35.0,0.97,201478,0.0,,,0
1.4,2.3,25.0,35.0,0.98,201478,0.0,,,0
1.4,2.3,25.0,35.0,0.99,201478,0.0,,,0
2.3,3.2,5.0,15.0,0.01,571546,1.0,0.369329852715267,0.006683419588551445,582187
2.3,3.2,5.0,15.0,0.02,571546,1.0,0.369329852715267,0.006683419588551445,582187
2.3,3.2,5.0,15.0,0.03,571546,1.0,0.369329852715267,0.006683419588551445,582187
2.3,3.2,5.0,15.0,0.04,571546,1.0,0.369329852715267,0.006683419588551445,582187
2.3,3.2,5.0,15.0,0.05,571546,1.0,0.36932654235989243,0.006683454028279719,582184
2.3,3.2,5.0,15.0,0.060000000000000005,571546,0.9996948318384717,0.3561921130867303,0.006753521880113149,570221
2.3,3.2,5.0,15.0,0.06999999999999999,571546,0.9986128719930533,0.3425190737909582,0.0067551093581929,557800
2.3,3.2,5.0,15.0,0.08,571546,0.9970898054414258,0.3316522735218203,0.006713197876891851,547876
2.3,3.2,5.0,15.0,0.09,571546,0.9952116341200199,0.32215274904057095,0.006494578575867474,539065
2.3,3.2,5.0,15.0,0.09999999999999999,571546,0.9931059738054747,0.31344205323733554,0.006202370951884067,530926
2.3,3.2,5.0,15.0,0.11,571546,0.9906784997933179,0.30518035109020086,0.005908382792862536,523155
2.3,3.2,5.0,15.0,0.12,571546,0.9881677981007443,0.29712588675224216,0.005681377491662142,515720
2.3,3.2,5.0,15.0,0.13,571546,0.9854767697672676,0.28938403093548637,0.005511109712962216,508609
2.3,3.2,5.0,15.0,0.14,571546,0.9826387058650546,0.2821988043368122,0.005346933083650417,501970
2.3,3.2,5.0,15.0,0.15000000000000002,571546,0.9798256102669667,0.27557293087499,0.005215108083417529,495867
2.3,3.2,5.0,15.0,0.16,571546,0.9768765761241979,0.2693442561721094,0.005101083061955714,490092
2.3,3.2,5.0,15.0,0.17,571546,0.9738554113250679,0.2634332116328843,0.004989785179223673,484590
2.3,3.2,5.0,15.0,0.18000000000000002,571546,0.9710867038232022,0.2578626886430422,0.004910905128820028,479545
2.3,3.2,5.0,15.0,0.19,571546,0.968356835905531,0.2526970696731402,0.0048122384595782495,474831
2.3,3.2,5.0,15.0,0.2,571546,0.9655021264672347,0.2477899824063147,0.004731032811041486,470299
2.3,3.2,5.0,15.0,0.21000000000000002,571546,0.9627084506612439,0.24328691488108997,0.004651282535378067,466108
2.3,3.2,5.0,15.0,0.22,571546,0.9599591629514755,0.23887035077724425,0.004575351538066968,462041
2.3,3.2,5.0,15.0,0.23,571546,0.9571932297056237,0.23479693765302864,0.0044870941482268775,458203
2.3,3.2,5.0,15.0,0.24000000000000002,571546,0.9547074963171751,0.23084608249611657,0.004440944674055777,454633
2.3,3.2,5.0,15.0,0.25,571546,0.9522134401606849,0.22696888344354155,0.0043887939461242295,451149
2.3,3.2,5.0,15.0,0.26,571546,0.9494475069148332,0.2236030481012888,0.004336244258718821,447853
2.3,3.2,5.0,15.0,0.27,571546,0.9469395794782735,0.22021054459222977,0.004301757131742155,444702
2.3,3.2,5.0,15.0,0.28,571546,0.9443095847771024,0.21690367019967194,0.00424857324032974,441560
2.3,3.2,5.0,15.0,0.29000000000000004,571546,0.9417045583800564,0.21373856605801458,0.00417338475186605,438493
2.3,3.2,5.0,15.0,0.3,571546,0.9391245002871355,0.2106673257768834,0.00412121657394886,435551
2.3,3.2,5.0,15.0,0.31,571546,0.9365583134742841,0.2077551470605491,0.0040719077650495355,432721
2.3,3.2,5.0,15.0,0.32,571546,0.9339421900531825,0.20497167242507186,0.004002763092710133,429953
2.3,3.2,5.0,15.0,0.33,571546,0.9314536824087201,0.20229748512099216,0.003936095776770483,427327
2.3,3.2,5.0,15.0,0.34,571546,0.9290539509567022,0.19952767725249668,0.0038896397138807395,424718
2.3,3.2,5.0,15.0,0.35000000000000003,571546,0.9265904116163648,0.19688367899008116,0.0038491602908780824,422170
2.3,3.2,5.0,15.0,0.36000000000000004,571546,0.9239576426591799,0.19431844847147733,0.0037990280780111586,419581
2.3,3.2,5.0,15.0,0.37,571546,0.9212693885817171,0.1917549158722007,0.0037410879371497226,416991
2.3,3.2,5.0,15.0,0.38,571546,0.9187337185850185,0.18918998325319022,0.003686511421430019,414484
2.3,3.2,5.0,15.0,0.39,571546,0.9161286921879724,0.18673408069981873,0.003614112758376295,411996
2.3,3.2,5.0,15.0,0.4,571546,0.9135846994232322,0.18441283113074836,0.0035567989297867874,409638
2.3,3.2,5.0,15.0,0.41000000000000003,571546,0.9109186393938805,0.18197106042034142,0.0035020764415366894,407187
2.3,3.2,5.0,15.0,0.42000000000000004,571546,0.9082387080844595,0.17956204013713187,0.0034590021767006555,404741
2.3,3.2,5.0,15.0,0.43,571546,0.9054450322784687,0.1773086472656693,0.003377849361340402,402327
2.3,3.2,5.0,15.0,0.44,571546,0.9026790990326169,0.17502643195261772,0.0033229402895883706,399947
2.3,3.2,5.0,15.0,0.45,571546,0.9000796211475988,0.1728385933870939,0.003278853407090772,397700
2.3,3.2,5.0,15.0,0.46,571546,0.8973802700460803,0.17066548385773475,0.003239519610347243,395429
2.3,3.2,5.0,15.0,0.47000000000000003,571546,0.8946892417126038,0.16846211761793767,0.0031668269157395113,393138
2.3,3.2,5.0,15.0,0.48000000000000004,571546,0.8919260827227659,0.16636804671435942,0.0031082277218097815,390898
2.3,3.2,5.0,15.0,0.49,571546,0.889110212868664,0.16416252207046378,0.003064903382201944,388593
2.3,3.2,5.0,15.0,0.5,571546,0.8862638261984093,0.16207432898536658,0.0030155098152903174,386336
2.3,3.2,5.0,15.0,0.51,571546,0.8833785999439601,0.16009432518978461,0.0029521409530156614,384128
2.3,3.2,5.0,15.0,0.52,571546,0.8804267915451773,0.15820912941875487,0.0028878654668366747,381943
2.3,3.2,5.0,15.0,0.53,571546,0.8776192444591172,0.15623149595378188,0.0028620778632627163,379794
2.3,3.2,5.0,15.0,0.54,571546,0.8746729845723623,0.1544565873281931,0.00280649730602735,377695
2.3,3.2,5.0,15.0,0.55,571546,0.8716962078694546,0.1525272413421081,0.0027402440388374335,375514
2.3,3.2,5.0,15.0,0.56,571546,0.868666720302283,0.1506226891599732,0.0026946308275409485,373335
2.3,3.2,5.0,15.0,0.5700000000000001,571546,0.8655484565426667,0.1488275655103739,0.002653806258672019,371165
2.3,3.2,5.0,15.0,0.5800000000000001,571546,0.8623719334067587,0.1469172461866942,0.002612954725951465,368931
2.3,3.2,5.0,15.0,0.59,571546,0.8589235331814891,0.14498557048369948,0.002561493577170791,366583
2.3,3.2,5.0,15.0,0.6,571546,0.8554751329562195,0.14308898355717473,0.0025146113744986564,364271
2.3,3.2,5.0,15.0,0.61,571546,0.8520100871948665,0.1411060273850009,0.0024867717557990137,361915
2.3,3.2,5.0,15.0,0.62,571546,0.8484368454489717,0.1391709920398122,0.0024502646341429497,359553
2.3,3.2,5.0,15.0,0.63,571546,0.8448857977511881,0.1372027401451665,0.0024048758227390946,357191
2.3,3.2,5.0,15.0,0.64,571546,0.8410906155241819,0.13520320843411984,0.0023567353014140413,354728
2.3,3.2,5.0,15.0,0.65,571546,0.837362015441509,0.13319184864392955,0.0022991768379222255,352300
2.3,3.2,5.0,15.0,0.66,571546,0.8333587640134607,0.13127597365978086,0.0022384219554030874,349800
2.3,3.2,5.0,15.0,0.67,571546,0.8292306710647872,0.12935248026564913,0.0021914794358020356,347254
2.3,3.2,5.0,15.0,0.68,571546,0.824653148641863,0.12742579866788392,0.0021390529538957174,344545
2.3,3.2,5.0,15.0,0.6900000000000001,571546,0.8203336320282308,0.12541371263276516,0.0020823949882134104,341914
2.3,3.2,5.0,15.0,0.7000000000000001,571546,0.815720044277126,0.12342554250774372,0.0020343720424210797,339171
2.3,3.2,5.0,15.0,0.7100000000000001,571546,0.8107846428284095,0.1213580703447488,0.001998269356004175,336291
2.3,3.2,5.0,15.0,0.72,571546,0.8051834199363586,0.119042776966669,0.0018531144035344328,332953
2.3,3.2,5.0,15.0,0.73,571546,0.7995267119240298,0.11694682591723302,0.0018192347692149093,329809
2.3,3.2,5.0,15.0,0.74,571546,0.7935232219099643,0.11457846430063923,0.0017492318390829246,326429
2.3,3.2,5.0,15.0,0.75,571546,0.7873699220711485,0.1121465798249401,0.0017152286919987988,322989
2.3,3.2,5.0,15.0,0.76,571546,0.7807006106137486,0.10979197509774893,0.001675146771037182,319375
2.3,3.2,5.0,15.0,0.77,571546,0.7736928399226537,0.10738302292011408,0.0016505989361398795,315643
2.3,3.2,5.0,15.0,0.78,571546,0.7658666637074603,0.10481669077065756,0.0016049870156550434,311529
2.3,3.2,5.0,15.0,0.79,571546,0.7572276304801959,0.10204430758703276,0.001553604231535886,307028
2.3,3.2,5.0,15.0,0.8,571546,0.7478645164333055,0.09880988199110755,0.0015027788167768373,302107
2.3,3.2,5.0,15.0,0.81,571546,0.7375248642695246,0.09589721266205058,0.0014715984859709856,296956
2.3,3.2,5.0,15.0,0.8200000000000001,571546,0.7259978305317971,0.09231510964045146,0.0014254114802297144,291144
2.3,3.2,5.0,15.0,0.8300000000000001,571546,0.713108637091248,0.08837653033720617,0.0013698389561124674,284705
2.3,3.2,5.0,15.0,0.8400000000000001,571546,0.6983468208413208,0.08452348480715728,0.0013184295558765575,277603
2.3,3.2,5.0,15.0,0.85,571546,0.681648573893696,0.08044191782154873,0.0012678687941159025,269744
2.3,3.2,5.0,15.0,0.86,571546,0.6623952371572753,0.07581158965902977,0.0012462134284290042,260790
2.3,3.2,5.0,15.0,0.87,571546,0.6405396482798226,0.07088474137029079,0.0011721693505623622,250817
2.3,3.2,5.0,15.0,0.88,571546,0.614406156628946,0.06546516387389706,0.0010787576725594153,239164
2.3,3.2,5.0,15.0,0.89,571546,0.5827463469983937,0.05933167341382152,0.0010030579953930346,225311
2.3,3.2,5.0,15.0,0.9,571546,0.5440815409327604,0.05267073064698438,0.0009240374211216761,208866
2.3,3.2,5.0,15.0,0.91,571546,0.49574567840269435,0.0451419502733204,0.0008421877813913578,188794
2.3,3.2,5.0,15.0,0.92,571546,0.43415164638223147,0.03700171070606624,0.000768550428497362,163945
2.3,3.2,5.0,15.0,0.93,571546,0.35206418518713745,0.027689667325579613,0.0006610490164046532,131609
2.3,3.2,5.0,15.0,0.9400000000000001,571546,0.23368390681828902,0.015912144400958,0.0005103757061163889,86211
2.3,3.2,5.0,15.0,0.9500000000000001,571546,0.008996912253056537,0.0021538461538461538,0.00030553009471432935,3273
2.3,3.2,5.0,15.0,0.9600000000000001,571546,0.0,,,0
2.3,3.2,5.0,15.0,0.97,571546,0.0,,,0
2.3,3.2,5.0,15.0,0.98,571546,0.0,,,0
2.3,3.2,5.0,15.0,0.99,571546,0.0,,,0
2.3,3.2,15.0,25.0,0.01,493724,1.0,0.35983261903411623,0.008697557671620382,501980
2.3,3.2,15.0,25.0,0.02,493724,1.0,0.35983261903411623,0.008697557671620382,501980
2.3,3.2,15.0,25.0,0.03,493724,1.0,0.35983261903411623,0.008697557671620382,501980
2.3,3.2,15.0,25.0,0.04,493724,1.0,0.35983261903411623,0.008697557671620382,501980
2.3,3.2,15.0,25.0,0.05,493724,1.0,0.35983261903411623,0.008697557671620382,501980
2.3,3.2,15.0,25.0,0.060000000000000005,493724,0.9997373966196934,0.35169941854978026,0.008791168880432436,495611
2.3,3.2,15.0,25.0,0.06999999999999999,493724,0.9988072111521011,0.33915906788247213,0.00889808268239217,485835
2.3,3.2,15.0,25.0,0.08,493724,0.9971841324280372,0.32880154694061825,0.008944742346612954,477599
2.3,3.2,15.0,25.0,0.09,493724,0.9954408256503389,0.3197694404867175,0.008881519509369386,470415
2.3,3.2,15.0,25.0,0.09999999999999999,493724,0.9934285877000373,0.3119572434376171,0.008765654493583058,464084
2.3,3.2,15.0,25.0,0.11,493724,0.9912897939038049,0.3046451240623197,0.008656175655324443,458170
2.3,3.2,15.0,25.0,0.12,493724,0.9889959691963071,0.29768604956828276,0.008562835746027397,452537
2.3,3.2,15.0,25.0,0.13,493724,0.9864680161738371,0.29116793183332085,0.00847954131763843,447194
2.3,3.2,15.0,25.0,0.14,493724,0.9838324906823258,0.2847672979699238,0.00839202926915358,441967
2.3,3.2,15.0,25.0,0.15000000000000002,493724,0.9811684901254801,0.2786251462573245,0.008320499413034076,436993
2.3,3.2,15.0,25.0,0.16,493724,0.9782513778767725,0.2728692306606902,0.00826893711535792,432220
2.3,3.2,15.0,25.0,0.17,493724,0.9755462466699993,0.26721644584397836,0.008198043786813448,427663
2.3,3.2,15.0,25.0,0.18000000000000002,493724,0.9729834907898983,0.262093407173502,0.008121846586817583,423549
2.3,3.2,15.0,25.0,0.19,493724,0.9701866065948251,0.25716867367727464,0.008042965742305666,419497
2.3,3.2,15.0,25.0,0.2,493724,0.9674561642188657,0.2527151333861208,0.007951052684742926,415794
2.3,3.2,15.0,25.0,0.21000000000000002,493724,0.9646940828814236,0.24835326831865737,0.007861101136462892,412156
2.3,3.2,15.0,25.0,0.22,493724,0.9620680490783571,0.24420809834737242,0.007818788087846383,408759
2.3,3.2,15.0,25.0,0.23,493724,0.9595242765751457,0.24039513989946174,0.007770954086777297,405613
2.3,3.2,15.0,25.0,0.24000000000000002,493724,0.9568729316028931,0.23671471980778744,0.007696779675334033,402506
2.3,3.2,15.0,25.0,0.25,493724,0.9541709642922681,0.23317246569908767,0.007612396114949434,399480
2.3,3.2,15.0,25.0,0.26,493724,0.9516335195813532,0.22980070213893747,0.007578240416273805,396662
2.3,3.2,15.0,25.0,0.27,493724,0.9490074857782869,0.22668244502710938,0.007556432105064104,393969
2.3,3.2,15.0,25.0,0.28,493724,0.9464384021058893,0.22368417637914614,0.007484482921631408,391343
2.3,3.2,15.0,25.0,0.29000000000000004,493724,0.9437427625875608,0.22034726741891386,0.007334107331790485,388459
2.3,3.2,15.0,25.0,0.3,493724,0.9413002347610943,0.21722966662018486,0.007241024524629591,385857
2.3,3.2,15.0,25.0,0.31,493724,0.9387944290116621,0.2143857577450469,0.007172590791958352,383404
2.3,3.2,15.0,25.0,0.32,493724,0.9361873785854853,0.21165399811903374,0.007095084101551836,380968
2.3,3.2,15.0,25.0,0.33,493724,0.9336847367322015,0.2088947269656596,0.007044578685593084,378589
2.3,3.2,15.0,25.0,0.34,493724,0.9310175722792076,0.20636551692517646,0.006971206233954,376262
2.3,3.2,15.0,25.0,0.35000000000000003,493724,0.9283504078262135,0.203751394154186,0.0068920881395641165,373907
2.3,3.2,15.0,25.0,0.36000000000000004,493724,0.925781324153816,0.2011335621206785,0.006810848920785872,371613
2.3,3.2,15.0,25.0,0.37,493724,0.9230667012585979,0.1985968921766026,0.006736869467738573,369311
2.3,3.2,15.0,25.0,0.38,493724,0.9205355843399796,0.19602419526429374,0.006679742835349243,367080
2.3,3.2,15.0,25.0,0.39,493724,0.9179823201483235,0.19347593434238142,0.0065996108202921585,364870
2.3,3.2,15.0,25.0,0.4,493724,0.9152550416685122,0.1908676437681808,0.006506347757254481,362569
2.3,3.2,15.0,25.0,0.41000000000000003,493724,0.9125435826694425,0.1885460596836043,0.006425925669020434,360415
2.3,3.2,15.0,25.0,0.42000000000000004,493724,0.9098732543203002,0.18622024516961527,0.006349516459900361,358295
2.3,3.2,15.0,25.0,0.43,493724,0.9071965981788613,0.18388920197414485,0.006266459282052434,356182
2.3,3.2,15.0,25.0,0.44,493724,0.9043206165800813,0.18162452506592527,0.006191548197756694,354031
2.3,3.2,15.0,25.0,0.45,493724,0.9015680269310841,0.17930307507538643,0.006086766256240925,351911
2.3,3.2,15.0,25.0,0.46,493724,0.8987489954629729,0.1769338421285954,0.006012608465684102,349765
2.3,3.2,15.0,25.0,0.47000000000000003,493724,0.8959964058139755,0.17463824082304766,0.005893434960811102,347675
2.3,3.2,15.0,25.0,0.48000000000000004,493724,0.8932976023994988,0.17242824649439573,0.005771734413423984,345650
2.3,3.2,15.0,25.0,0.49,493724,0.8904058013199775,0.17026508283285718,0.0056984534432279205,343602
2.3,3.2,15.0,25.0,0.5,493724,0.8874886890712699,0.16806555704506898,0.005615888455220756,341531
2.3,3.2,15.0,25.0,0.51,493724,0.8844924794188556,0.16603373954029504,0.005549092087242096,339515
2.3,3.2,15.0,25.0,0.52,493724,0.8815468921048135,0.1639476092598983,0.00543418678313328,337493
2.3,3.2,15.0,25.0,0.53,493724,0.8784304543987648,0.1618455928079359,0.005360411660535087,335422
2.3,3.2,15.0,25.0,0.54,493724,0.8753646390310884,0.15981986140381776,0.005278960044871161,333399
2.3,3.2,15.0,25.0,0.55,493724,0.872146956648295,0.15782398553071364,0.005196921684019918,331350
2.3,3.2,15.0,25.0,0.56,493724,0.8688691602386843,0.15581800687961292,0.005098926461879527,329285
2.3,3.2,15.0,25.0,0.5700000000000001,493724,0.8654806274638841,0.1537252621125545,0.005006831665917782,327153
2.3,3.2,15.0,25.0,0.5800000000000001,493724,0.8621965032619769,0.151687684247554,0.004940003260525191,325101
2.3,3.2,15.0,25.0,0.59,493724,0.8587636759411009,0.14950272295997344,0.0048462515096150864,322930
2.3,3.2,15.0,25.0,0.6,493724,0.855308701347187,0.1473700478459845,0.004766387770116089,320788
2.3,3.2,15.0,25.0,0.61,493724,0.8516955319458595,0.14525127247671757,0.00470781717348934,318619
2.3,3.2,15.0,25.0,0.62,493724,0.8479431511140079,0.14303346571251335,0.0046118929307489035,316356
2.3,3.2,15.0,25.0,0.63,493724,0.8439503141748875,0.14104834710477676,0.004543124663722815,314101
2.3,3.2,15.0,25.0,0.64,493724,0.8401251637316257,0.13879609509291993,0.004416108372646426,311813
2.3,3.2,15.0,25.0,0.65,493724,0.8362177519885088,0.1367089765281525,0.004347826086956522,309580
2.3,3.2,15.0,25.0,0.66,493724,0.8322881929723539,0.13441283024083026,0.00425687022403895,307268
2.3,3.2,15.0,25.0,0.67,493724,0.8277511658957306,0.13232201962045886,0.004127215343529983,304806
2.3,3.2,15.0,25.0,0.68,493724,0.8232426138844419,0.13019104447675875,0.004064395367449121,302382
2.3,3.2,15.0,25.0,0.6900000000000001,493724,0.818616997715667,0.12804483507002953,0.003997799376490006,299915
2.3,3.2,15.0,25.0,0.7000000000000001,493724,0.8140293483006714,0.1257454305742916,0.003883553905745642,297408
2.3,3.2,15.0,25.0,0.7100000000000001,493724,0.8087108388754247,0.12340314620921915,0.0038148248710290523,294640
2.3,3.2,15.0,25.0,0.72,493724,0.8026709611283719,0.12072574775586595,0.0033429778587780626,291357
2.3,3.2,15.0,25.0,0.73,493724,0.7972353875456392,0.11838118496644671,0.0032745417374129386,288590
2.3,3.2,15.0,25.0,0.74,493724,0.7913600323982966,0.11612045995858394,0.003209593078199268,285706
2.3,3.2,15.0,25.0,0.75,493724,0.7848740452943372,0.11364237274812597,0.0031428621989417617,282545
2.3,3.2,15.0,25.0,0.76,493724,0.7783121246828194,0.11098984496404178,0.003071789657592118,279316
2.3,3.2,15.0,25.0,0.77,493724,0.7712408167914296,0.10823525968633504,0.003011960855382385,275900
2.3,3.2,15.0,25.0,0.78,493724,0.7636822688932059,0.10540263071089977,0.0029488992122803474,272305
2.3,3.2,15.0,25.0,0.79,493724,0.7553011079964311,0.10256121079520464,0.0028684784025928066,268435
2.3,3.2,15.0,25.0,0.8,493724,0.7461637759202192,0.099466943631962,0.0027776831700403785,264249
2.3,3.2,15.0,25.0,0.81,493724,0.7360298165573014,0.09619142711728758,0.0026495473048173237,259667
2.3,3.2,15.0,25.0,0.8200000000000001,493724,0.7248043130232293,0.09268918645960814,0.002560045232701044,254683
2.3,3.2,15.0,25.0,0.8300000000000001,493724,0.7120727949225795,0.08898747601661229,0.0024602368730509746,249163
2.3,3.2,15.0,25.0,0.8400000000000001,493724,0.6977435092670519,0.08517963885558787,0.0023405813197752384,243102
2.3,3.2,15.0,25.0,0.85,493724,0.6811836768269919,0.08083011714880972,0.0022483137646764927,236177
2.3,3.2,15.0,25.0,0.86,493724,0.6627634734517475,0.07640043208923966,0.002129846274955719,228655
2.3,3.2,15.0,25.0,0.87,493724,0.6411508988628958,0.07111294462779612,0.002032668206704622,219908
2.3,3.2,15.0,25.0,0.88,493724,0.6154347509697342,0.0655765267643117,0.0018969634286422413,209809
2.3,3.2,15.0,25.0,0.89,493724,0.5847291388507464,0.059786838959122936,0.0017870484421379964,198092
2.3,3.2,15.0,25.0,0.9,493724,0.5469174159827378,0.05244232002587308,0.0016483695829570552,183818
2.3,3.2,15.0,25.0,0.91,493724,0.5003638480570514,0.04535741449457329,0.001503912569353737,166898
2.3,3.2,15.0,25.0,0.92,493724,0.4411610233305702,0.03753606582271491,0.00128835070550907,145923
2.3,3.2,15.0,25.0,0.93,493724,0.36016844583093405,0.02803937807908061,0.00100879944388871,117962
2.3,3.2,15.0,25.0,0.9400000000000001,493724,0.24047509064562464,0.015428060675933003,0.0008746768197779864,77743
2.3,3.2,15.0,25.0,0.9500000000000001,493724,0.010029550790024868,0.001889168765743073,0.0006271558482282847,3189
2.3,3.2,15.0,25.0,0.9600000000000001,493724,0.0,,,0
2.3,3.2,15.0,25.0,0.97,493724,0.0,,,0
2.3,3.2,15.0,25.0,0.98,493724,0.0,,,0
2.3,3.2,15.0,25.0,0.99,493724,0.0,,,0
2.3,3.2,25.0,35.0,0.01,113095,1.0,0.29576020160042443,0.009351302162326125,115385
2.3,3.2,25.0,35.0,0.02,113095,1.0,0.29576020160042443,0.009351302162326125,115385
2.3,3.2,25.0,35.0,0.03,113095,1.0,0.29576020160042443,0.009351302162326125,115385
2.3,3.2,25.0,35.0,0.04,113095,1.0,0.29576020160042443,0.009351302162326125,115385
2.3,3.2,25.0,35.0,0.05,113095,1.0,0.29576020160042443,0.009351302162326125,115385
2.3,3.2,25.0,35.0,0.060000000000000005,113095,0.9998493332998518,0.29147463387725325,0.009408707632476173,114681
2.3,3.2,25.0,35.0,0.06999999999999999,113095,0.9994349998744444,0.28424734518446587,0.009490073752940866,113487
2.3,3.2,25.0,35.0,0.08,113095,0.9983426662983703,0.27750013629672704,0.009570783735899787,112321
2.3,3.2,25.0,35.0,0.09,113095,0.9972377771639505,0.2715149180493263,0.009597498180249643,111279
2.3,3.2,25.0,35.0,0.09999999999999999,113095,0.9959822213293825,0.26626770138651223,0.009560835916118391,110346
2.3,3.2,25.0,35.0,0.11,113095,0.9944378876528639,0.2609730153398276,0.009462597597323045,109378
2.3,3.2,25.0,35.0,0.12,113095,0.992592220576049,0.2557684160979054,0.009326740345762837,108398
2.3,3.2,25.0,35.0,0.13,113095,0.990319664515481,0.2502305154991968,0.009232689871059104,107336
2.3,3.2,25.0,35.0,0.14,113095,0.9880722195716044,0.24511506105574155,0.009195186160210606,106360
2.3,3.2,25.0,35.0,0.15000000000000002,113095,0.9855108856690857,0.24052984489748527,0.009067541804592577,105431
2.3,3.2,25.0,35.0,0.16,113095,0.9830248851166411,0.23579822746261664,0.009042369962108164,104508
2.3,3.2,25.0,35.0,0.17,113095,0.980049217788715,0.23130631739622828,0.008912707609115488,103560
2.3,3.2,25.0,35.0,0.18000000000000002,113095,0.9774376616528136,0.22686780610370136,0.00885231533330087,102685
2.3,3.2,25.0,35.0,0.19,113095,0.9744996609999247,0.22281634573983397,0.008808366475180438,101835
2.3,3.2,25.0,35.0,0.2,113095,0.971624438138764,0.21879668887542902,0.008653979444323424,100994
2.3,3.2,25.0,35.0,0.21000000000000002,113095,0.9688873264194059,0.21504643521956282,0.008482102763169711,100211
2.3,3.2,25.0,35.0,0.22,113095,0.9660874369083193,0.2111522334197927,0.008438861005220226,99421
2.3,3.2,25.0,35.0,0.23,113095,0.9633377696306155,0.2073596561912436,0.00833248859604663,98650
2.3,3.2,25.0,35.0,0.24000000000000002,113095,0.9605629912362202,0.20330528595826217,0.008257199501297852,97854
2.3,3.2,25.0,35.0,0.25,113095,0.9578635461918992,0.19975244668687653,0.008153432780505884,97137
2.3,3.2,25.0,35.0,0.26,113095,0.9551389900308866,0.1966184748286532,0.00801335213136507,96464
2.3,3.2,25.0,35.0,0.27,113095,0.9525148783366396,0.19365673228179073,0.007868428192766055,95826
2.3,3.2,25.0,35.0,0.28,113095,0.9495140998920222,0.1908389595660222,0.007733204446592557,95174
2.3,3.2,25.0,35.0,0.29000000000000004,113095,0.9465258770057504,0.18765759358634512,0.00751561342225045,94470
2.3,3.2,25.0,35.0,0.3,113095,0.9436883208196268,0.18460136476561398,0.0073127311878391195,93809
2.3,3.2,25.0,35.0,0.31,113095,0.9406373201416267,0.18202860574298504,0.007050944955408408,93179
2.3,3.2,25.0,35.0,0.32,113095,0.9376616528137006,0.17967222478525452,0.006932446440912232,92608
2.3,3.2,25.0,35.0,0.33,113095,0.9345855410190091,0.1774118687147751,0.006791485107631456,92027
2.3,3.2,25.0,35.0,0.34,113095,0.9317730959495769,0.17472532360660112,0.0066929865812180795,91439
2.3,3.2,25.0,35.0,0.35000000000000003,113095,0.9289355397634533,0.17250866793423555,0.006622516556291391,90902
2.3,3.2,25.0,35.0,0.36000000000000004,113095,0.9263365391858976,0.1698939006964525,0.006486031788196751,90348
2.3,3.2,25.0,35.0,0.37,113095,0.923737538608342,0.16725712798107506,0.006359070306148586,89793
2.3,3.2,25.0,35.0,0.38,113095,0.9204730934384652,0.16507795506053047,0.00624243511005514,89228
2.3,3.2,25.0,35.0,0.39,113095,0.9173969816437737,0.16284372135655362,0.006134415877311682,88680
2.3,3.2,25.0,35.0,0.4,113095,0.9144966476659218,0.16048870447210697,0.006013365555895935,88137
2.3,3.2,25.0,35.0,0.41000000000000003,113095,0.9113828691961932,0.15823408671854164,0.005913984632773522,87589
2.3,3.2,25.0,35.0,0.42000000000000004,113095,0.9083820907515757,0.15573837446758854,0.005768523625666482,87024
2.3,3.2,25.0,35.0,0.43,113095,0.9051678678150817,0.15341075895111383,0.005644097985242072,86462
2.3,3.2,25.0,35.0,0.44,113095,0.902568867237526,0.15099620885545229,0.005549673651266419,85951
2.3,3.2,25.0,35.0,0.45,113095,0.899279310950958,0.1486205379961249,0.005399390958069805,85380
2.3,3.2,25.0,35.0,0.46,113095,0.8960399768977726,0.14642139508181035,0.0052691137987127806,84834
2.3,3.2,25.0,35.0,0.47000000000000003,113095,0.8923737538608342,0.1443671297522452,0.005150296082689547,84267
2.3,3.2,25.0,35.0,0.48000000000000004,113095,0.8892097531577229,0.14219616772849494,0.005086992345628889,83743
2.3,3.2,25.0,35.0,0.49,113095,0.885756974612661,0.14011116257526632,0.005011597581934212,83207
2.3,3.2,25.0,35.0,0.5,113095,0.8822414182758708,0.13810318180703088,0.0048988774917747245,82672
2.3,3.2,25.0,35.0,0.51,113095,0.8782864173969817,0.13610709742753757,0.00467767870194416,82092
2.3,3.2,25.0,35.0,0.52,113095,0.8743439720764382,0.13408189403265316,0.004538819170990812,81519
2.3,3.2,25.0,35.0,0.53,113095,0.8704768601059689,0.13196444221860523,0.004422646917118608,80947
2.3,3.2,25.0,35.0,0.54,113095,0.8666097481354996,0.12980660127587684,0.004304928271932116,80373
2.3,3.2,25.0,35.0,0.55,113095,0.862554302789845,0.12787538719341898,0.004222687232949491,79807
2.3,3.2,25.0,35.0,0.56,113095,0.8586495241443387,0.12546196242918708,0.004102758315975509,79215
2.3,3.2,25.0,35.0,0.5700000000000001,113095,0.8544685232152274,0.12314947238220401,0.0040324632371648095,78612
2.3,3.2,25.0,35.0,0.5800000000000001,113095,0.8501243000276222,0.1210048033233805,0.003922473465620674,78012
2.3,3.2,25.0,35.0,0.59,113095,0.8455289656731034,0.11905447124692585,0.00391402071976645,77414
2.3,3.2,25.0,35.0,0.6,113095,0.8406574090349798,0.11682847042684535,0.003843047341132331,76762
2.3,3.2,25.0,35.0,0.61,113095,0.8360871857971524,0.11461089468295861,0.003755991857640029,76145
2.3,3.2,25.0,35.0,0.62,113095,0.8312532958340657,0.11291251859097182,0.0036664945929132087,75549
2.3,3.2,25.0,35.0,0.63,113095,0.826030183562263,0.11105406099258198,0.0035780563677387483,74901
2.3,3.2,25.0,35.0,0.64,113095,0.8207317379403862,0.10899078567144649,0.003515625,74240
2.3,3.2,25.0,35.0,0.65,113095,0.8153077367350526,0.10646319816162811,0.00346797225622195,73530
2.3,3.2,25.0,35.0,0.66,113095,0.8089671797704844,0.10457779754294291,0.0034070614095342766,72790
2.3,3.2,25.0,35.0,0.67,113095,0.8036310674735706,0.1027405901731268,0.003381562170852043,72156
2.3,3.2,25.0,35.0,0.68,113095,0.7978806217512493,0.10088004753954555,0.0032595162486185525,71483
2.3,3.2,25.0,35.0,0.6900000000000001,113095,0.7922306204956935,0.09871587938693596,0.003248404044969211,70804
2.3,3.2,25.0,35.0,0.7000000000000001,113095,0.786643397031866,0.09630751478436464,0.0031947970448127335,70114
2.3,3.2,25.0,35.0,0.7100000000000001,113095,0.7804786178841373,0.09427089404359483,0.0031123470843359606,69401
2.3,3.2,25.0,35.0,0.72,113095,0.7733721718604827,0.0920267102993853,0.0028586847133293468,68563
2.3,3.2,25.0,35.0,0.73,113095,0.766692614820581,0.09009089554462822,0.002801616090123566,67818
2.3,3.2,25.0,35.0,0.74,113095,0.7591843909298647,0.08818650662001991,0.0027906282644381435,67010
2.3,3.2,25.0,35.0,0.75,113095,0.7511613891469754,0.08662463168501244,0.002704744635841644,66180
2.3,3.2,25.0,35.0,0.76,113095,0.7428119428470984,0.08444884631455145,0.0026348039215686276,65280
2.3,3.2,25.0,35.0,0.77,113095,0.7334706074379128,0.08231487008702755,0.0025504649933128054,64302
2.3,3.2,25.0,35.0,0.78,113095,0.7229867162192702,0.08029068838843635,0.0024669101949807864,63237
2.3,3.2,25.0,35.0,0.79,113095,0.7113853803078622,0.07780074545484139,0.0024012892828364223,62050
2.3,3.2,25.0,35.0,0.8,113095,0.6993445998543555,0.07556470217250594,0.0024486442070665573,60850
2.3,3.2,25.0,35.0,0.81,113095,0.6860733746829721,0.07273159225508663,0.0023359381564574404,59505
2.3,3.2,25.0,35.0,0.8200000000000001,113095,0.6703287045174899,0.07034773372338017,0.0022420751267634782,57982
2.3,3.2,25.0,35.0,0.8300000000000001,113095,0.6529141450920323,0.06696092152007752,0.0022392436332616538,56269
2.3,3.2,25.0,35.0,0.8400000000000001,113095,0.6335409185646486,0.06377096630547721,0.0022054769343870613,54410
2.3,3.2,25.0,35.0,0.85,113095,0.611731913718203,0.06069018700597648,0.002196207245574165,52363
2.3,3.2,25.0,35.0,0.86,113095,0.5883409085202019,0.057599099008507126,0.0019926669854933845,50184
2.3,3.2,25.0,35.0,0.87,113095,0.5618361248524721,0.05485267715703876,0.0018001800180018,47773
2.3,3.2,25.0,35.0,0.88,113095,0.5326570072571127,0.050980918506587924,0.0017957301527479106,45107
2.3,3.2,25.0,35.0,0.89,113095,0.4981543329231851,0.04654795376444861,0.0016669047959232272,41994
2.3,3.2,25.0,35.0,0.9,113095,0.4554152123144916,0.04204521445172195,0.0013873982356482815,38201
2.3,3.2,25.0,35.0,0.91,113095,0.40281997840443967,0.036922522738870714,0.0012198750371913121,33610
2.3,3.2,25.0,35.0,0.92,113095,0.3404439645431032,0.031295773641527636,0.0009562938301338811,28234
2.3,3.2,25.0,35.0,0.93,113095,0.2682118373804083,0.024477121198282947,0.0007696138349404682,22089
2.3,3.2,25.0,35.0,0.9400000000000001,113095,0.16993948220877383,0.014776532246324064,0.0006493038020344852,13861
2.3,3.2,25.0,35.0,0.9500000000000001,113095,0.005725334605629912,0.006535947712418301,0.0,465
2.3,3.2,25.0,35.0,0.9600000000000001,113095,0.0,,,0
2.3,3.2,25.0,35.0,0.97,113095,0.0,,,0
2.3,3.2,25.0,35.0,0.98,113095,0.0,,,0
2.3,3.2,25.0,35.0,0.99,113095,0.0,,,0
