p_low,p_high,theta_low,theta_high,best_threshold,C_base,C_plus,C_minus,delta_c_plus,delta_c_minus,delta_c_total,n_events,relative_drift
0.5,0.95,5.0,11.0,0.8540404040404039,0.0585835033517924,0.0471727263363889,0.0643634642688121,0.0114107770154035,0.0057799609170196,0.0171907379324232,15513,0.2934399096823088
0.95,1.4,5.0,11.0,0.8156565656565656,0.0745000518081027,0.0621970221606648,0.0848252001448284,0.0123030296474379,0.0103251483367256,0.0226281779841635,84363,0.30373372145363314
1.4,1.85,5.0,11.0,0.758080808080808,0.0811390511669912,0.071071027246326,0.089207701106655,0.0100680239206651,0.0080686499396638,0.018136673860329,116329,0.22352583126714354
1.85,2.3,5.0,11.0,0.71010101010101,0.0986150111846175,0.0896522934878695,0.1069771757283355,0.008962717696748,0.0083621645437179,0.0173248822404659,129896,0.17568199843360488
2.3,2.75,5.0,11.0,0.6429292929292929,0.1231466732018135,0.1149034554590301,0.1306276432663977,0.0082432177427834,0.0074809700645842,0.0157241878073676,138843,0.12768666337903184
2.75,3.2,5.0,11.0,0.5469696969696969,0.1587316102925206,0.149449068381727,0.1687511067823623,0.0092825419107936,0.0100194964898416,0.0193020384006352,145064,0.12160172989528796
3.2,3.65,5.0,11.0,0.4797979797979798,0.2288120362525353,0.2136402869935804,0.2435312396775101,0.0151717492589549,0.0147192034249747,0.0298909526839297,139671,0.13063540351059003
3.65,4.1,5.0,11.0,0.4126262626262626,0.302784222737819,0.2857748430749164,0.3229408497244022,0.0170093796629025,0.0201566269865831,0.0371660066494857,121930,0.12274750088833976
4.1,4.55,5.0,11.0,0.3166666666666666,0.3980089927742883,0.3753753753753753,0.4232026918155537,0.022633617398913,0.0251936990412653,0.0478273164401784,98541,0.12016642163485328
4.55,5.0,5.0,11.0,0.2782828282828282,0.4735578571918513,0.4469849574885546,0.5040084137000437,0.0265728997032966,0.0304505565081923,0.057023456211489,69957,0.1204149722055762
0.5,0.95,11.0,17.0,0.8732323232323231,0.0596320379672717,0.0415992843133881,0.0672630980521229,0.0180327536538835,0.0076310600848511,0.0256638137387347,52370,0.4303695565933863
0.95,1.4,11.0,17.0,0.8252525252525252,0.0726522973139731,0.059243397573162,0.0818999510836469,0.013408899740811,0.0092476537696738,0.0226565535104849,174717,0.311849099727331
1.4,1.85,11.0,17.0,0.758080808080808,0.0815277506669269,0.0710336457420268,0.0899558192475787,0.0104941049249,0.0084280685806518,0.0189221735055519,206703,0.23209487997352535
1.85,2.3,11.0,17.0,0.7196969696969696,0.1005621160613109,0.0899168880924426,0.1095210809948285,0.0106452279688682,0.0089589649335176,0.0196041929023858,212260,0.19494610565308193
2.3,2.75,11.0,17.0,0.6525252525252525,0.1267045371145067,0.1180483083019495,0.1354890356519998,0.0086562288125571,0.0087844985374931,0.0174407273500502,215826,0.13764879890834922
2.75,3.2,11.0,17.0,0.5565656565656565,0.1693588858917257,0.1581071733734792,0.180564804164901,0.0112517125182464,0.0112059182731752,0.0224576307914217,212530,0.13260379384982068
3.2,3.65,11.0,17.0,0.4702020202020202,0.2361475710616196,0.2223660035166051,0.250835521069467,0.0137815675450145,0.0146879500078473,0.0284695175528618,183043,0.12055816379933484
3.65,4.1,11.0,17.0,0.3742424242424242,0.3273732906827074,0.3104561805101373,0.3464988890077116,0.01691711017257,0.0191255983250042,0.0360427084975742,134750,0.11009666800370424
4.1,4.55,11.0,17.0,0.307070707070707,0.4273458852110537,0.4063474897050871,0.4503158906743579,0.0209983955059666,0.0229700054633041,0.0439684009692707,87962,0.10288715181510637
4.55,5.0,11.0,17.0,0.2398989898989899,0.5313385469794855,0.5077341272409552,0.5560755763563876,0.0236044197385302,0.0247370293769021,0.0483414491154323,50851,0.0909805045958744
0.5,0.95,17.0,23.0,0.8540404040404039,0.0520697625551586,0.0417701411727856,0.057860755849817,0.010299621382373,0.0057909932946583,0.0160906146770313,75207,0.3090203198062632
0.95,1.4,17.0,23.0,0.8156565656565656,0.0753860376564058,0.0625569418737353,0.0845830033017986,0.0128290957826705,0.0091969656453927,0.0220260614280633,193125,0.2921769350506735
1.4,1.85,17.0,23.0,0.758080808080808,0.0812289339474473,0.069581484062649,0.0907224994203172,0.0116474498847983,0.0094935654728698,0.0211410153576682,190546,0.26026459206451985
1.85,2.3,17.0,23.0,0.71010101010101,0.104040722471535,0.0917373819007485,0.1138355818483514,0.0123033405707865,0.0097948593768164,0.0220981999476029,170555,0.2123995241733241
2.3,2.75,17.0,23.0,0.6621212121212121,0.1291432052907245,0.1198372267662519,0.1384762359684738,0.0093059785244725,0.0093330306777493,0.0186390092022219,159746,0.14432822199404258
2.75,3.2,17.0,23.0,0.5565656565656565,0.1733695529655763,0.162202015237159,0.1845548172396167,0.0111675377284173,0.0111852642740404,0.0223528020024577,141139,0.12893153163344662
3.2,3.65,17.0,23.0,0.4510101010101009,0.2349232589423186,0.221489145183175,0.248983441302432,0.0134341137591435,0.0140601823601134,0.0274942961192569,97007,0.11703522351529975
3.65,4.1,17.0,23.0,0.355050505050505,0.3215836903530802,0.3071731282373254,0.3386592085952427,0.0144105621157548,0.0170755182421625,0.0314860803579173,51797,0.09790944411188084
4.1,4.55,17.0,23.0,0.307070707070707,0.4377009129484377,0.4240681723707912,0.4530853262474166,0.0136327405776465,0.0153844132989788,0.0290171538766254,23270,0.06629447875984598
4.55,5.0,17.0,23.0,0.2207070707070706,0.5744073121965153,0.5647693039479943,0.5913312693498453,0.009638008248521,0.0169239571533299,0.0265619654018509,8829,0.046242387305758324
0.5,0.95,23.0,29.0,0.806060606060606,0.0430220790218311,0.0385773029802026,0.04599315905204,0.0044447760416285,0.0029710800302088,0.0074158560718374,68326,0.1723732613682919
0.95,1.4,23.0,29.0,0.7388888888888888,0.0772616794166732,0.0690579023950851,0.0835460511180008,0.008203777021588,0.0062843717013276,0.0144881487229157,140225,0.1875204995840297
1.4,1.85,23.0,29.0,0.71010101010101,0.0902488375520924,0.0806181833261912,0.098548980099177,0.0096306542259011,0.0083001425470845,0.0179307967729857,119779,0.19868174770268804
1.85,2.3,23.0,29.0,0.6909090909090909,0.1028356336260978,0.0917218198828788,0.1114820303212884,0.011113813743219,0.0086463966951905,0.0197602104384095,91732,0.1921533396707221
2.3,2.75,23.0,29.0,0.6429292929292929,0.1199814557255447,0.1098894795212054,0.1284034038555349,0.0100919762043393,0.0084219481299901,0.0185139243343294,79698,0.15430654864431426
2.75,3.2,23.0,29.0,0.5277777777777778,0.1584656150169634,0.1481044779945146,0.1688149887392783,0.0103611370224487,0.0103493737223149,0.0207105107447637,58714,0.13069403569062402
3.2,3.65,23.0,29.0,0.4318181818181817,0.2332662571489091,0.2198947076752563,0.2449632073077899,0.0133715494736528,0.0116969501588807,0.0250684996325336,27099,0.10746732055862986
3.65,4.1,23.0,29.0,0.3646464646464646,0.3620784964068546,0.347495614889885,0.377177700348432,0.0145828815169696,0.0150992039415774,0.029682085458547,7866,0.08197693525879622
4.1,4.55,23.0,29.0,0.3454545454545454,0.5597691673536686,0.5509300265721878,0.5681995323460639,0.0088391407814807,0.0084303649923953,0.017269505773876,1701,0.030851120034921336
4.55,5.0,23.0,29.0,0.4414141414141413,0.647887323943662,0.6432160804020101,0.6577777777777778,0.0046712435416519,0.0098904538341157,0.0145616973757677,312,0.02247566334085884
0.5,0.95,29.0,35.0,0.7964646464646464,0.0564929926224695,0.0521592673491407,0.0590485779008306,0.0043337252733287,0.002555585278361,0.0068893105516898,54446,0.12194982478144818
0.95,1.4,29.0,35.0,0.5469696969696969,0.0612389042664885,0.0590616446277805,0.0629544077552256,0.0021772596387079,0.0017155034887371,0.0038927631274451,65874,0.06356683180524052
1.4,1.85,29.0,35.0,0.4510101010101009,0.0740719782707107,0.0694684653522425,0.0791770920211287,0.0046035129184681,0.0051051137504179,0.0097086266688861,45867,0.1310701684435105
1.85,2.3,29.0,35.0,0.4702020202020202,0.0900402811784219,0.078903005632992,0.1003399411787173,0.0111372755454298,0.0102996600002954,0.0214369355457253,34312,0.2380816148635334
2.3,2.75,29.0,35.0,0.4414141414141413,0.1144025030278562,0.103311188994089,0.1279577191621412,0.0110913140337672,0.0135552161342849,0.0246465301680521,27008,0.2154369835951128
2.75,3.2,29.0,35.0,0.5085858585858586,0.1998421468034727,0.1841275112070396,0.2171428571428571,0.015714635596433,0.0173007103393843,0.0330153459358174,10118,0.16520712204060292
3.2,3.65,29.0,35.0,0.5373737373737373,0.3872,0.3571428571428571,0.4255014326647564,0.0300571428571428,0.0383014326647564,0.0683585755218992,1262,0.17654590785614463
3.65,4.1,29.0,35.0,0.3742424242424242,0.5342465753424658,0.5211267605633803,0.5405405405405406,0.0131198147790855,0.0062939651980747,0.0194137799771603,102,0.03633861380340261
4.1,4.55,29.0,35.0,0.4893939393939394,0.3,0.1923076923076923,0.3125,0.1076923076923076,0.0125,0.1201923076923076,47,0.40064102564102533
4.55,5.0,29.0,35.0,0.3742424242424242,0.4,0.4,0.5714285714285714,0.0,0.1714285714285713,0.1714285714285713,11,0.4285714285714282
